Name	Binds_to	VH_AA	VL_AA	CDRH1_AA	CDRH2_AA	CDRH3_AA	CDRL1_AA	CDRL2_AA	CDRL3_AA
118.0|Melbourne_donor_R95	HA:Head	WCSLQESGPGLVKPSETLSLTCTVSGGSISSSTYYWGWIRQSPEKGLEWIASVYYSGETYYNPSLKSRITTSVDTSKDQFSLKLSSVTAADTAVYYCARHQPWLVPSAFDFWGQGTMVTVSS	DIVMTQSPDSLAVSLGERATINCESSQSILYSSNNKNKLAWYQQKPGQPPKLLIYWASTRESGVPDRFSGSESGTDFTLTISSLQAEDVAVYYCQQYYSTPPTFGQGTKLEIK	GGSISSSTYY	VYYSGET	ARHQPWLVPSAFDF	QSILYSSNNKNK	WAS	QQYYSTPPT
4D20	HA:Head	EVQLVESGPVLVKPTETLTVTCTVSGFSVDNDRMGVSWIRQPPGKALEWLAHIFSNDEKSYSTSLRSRLTISKDTSKRQVVLSMTDMDPVDTATYYCARAPSEYAAMDVWGQGTMVTVSS	SYVLTQPPSVSVAPGETATVTCGGNNIGSKSVHWYQQKPGQAPVVVIYYDGDRPSGIPERFSGSNSGDTATLTISRVEAGDEADYYCLVWDYTSVHYVFGTGTKLTVL	GFSVDNDRMG	IFSNDEK	ARAPSEYAAMDV	NIGSKS	YDG	LVWDYTSVHYV
84.0|PCWilson_donor_241	HA:Head	EVQLVESGGGLVKPGGSLRLSCAASGFTFSSYTMSWVRQAPGRGLEWVSSIFTSRYIYYADSVKGRFTVSRDDAENSLFLQINSLRVEDTAVYYCARDRGSTTADYWGQGTLVTVSS	DIQMTQSPSSLSASVGDRVTITCQPSQDLSNSLNWYQQKPGKAPRLLIYDASNLETGVPSRFSGSGSGTHFTLTINSLHPEDIATYFCQQYVFFGPGTKVDIK	GFTFSSYT	IFTSRYI	ARDRGSTTADY	QDLSNS	DAS	QQYVF
133.0|Oita_University_donor	HA:Head	LESGPRLVKPSETLSLTCSVSGGSISESYWSWVRQPPGQGLEWIGYGYFSGDSKYNPSLRSRVSISVDTSQNQVSLKLTSVTAADTAVYYCAREDQPVPFGEYYFDSWGQGILVTVSS	ELQMTQSPSSVSASVGDRVTITCRASQGISRWLAWYQQKPGKAPKLLIYAASSLHTGVPSRFSGSGSGTDFALTISSLQPEDFATYYCQQADTFPRTFGQGTRLEIK	GGSISESY	GYFSGDS	AREDQPVPFGEYYFDS	QGISRW	AAS	QQADTFPRT
39.0|PCWilson_donor_SFV019	HA:Head	QVQLQESGPGLVKPSETLSLTCTVSGGSIRSYYWTWIRQSPGKGLEWIGYVYYTGGTEYNSSLKSRVTISVDTSKNQFSLSLSSVTAADTAVYYCARGVSALVSVDYYYYYMDVWGKGTTVTVSS	SYELTQPPSVSVAPGKTARITCGGDNIGTKSVQWYQQRPGQAPLLVIYYNNDRPSGIPERFSGSNSGNTATLTISRVEAGDEADYYCQVWDRNNDPLFGTGTKVTVL	GGSIRSYY	VYYTGGT	ARGVSALVSVDYYYYYMDV	NIGTKS	YNN	QVWDRNNDPL
H2214	HA:Head	EVQLLESGGGLVQPGGSLRLSCAASGFTFNHYAMTWVRQAPGKGLEWVASSSGSGRSTYYTDSVKGRFSVSRDNSKNTLYLQMNSLRAEDTAVYYCAKSSNYYGSGSYSPDDYYHMDVWGQGTTVTVSS	EIVMTQSPDTLSVSPGERATLSCRASESISSNLAWYQQKPGQVPRLLIYGASTRATGVPARFTGSGSGTEFTLTISSLQSEDFAVYYCQQYNNRLPYTFGQGTKLEIK	GFTFNHYA	SSGSGRST	AKSSNYYGSGSYSPDDYYHMDV	ESISSN	GAS	QQYNNRLPYT
220-14-IgA_1A05	HA:Head	QVQLVESGGGVVQPGRSLRLSCAASGFTFSNYGMHWVRQAPGKGLEWVAVISYGGSETYYADSVKGRFAISRDNSKNTLYLQMNSLRPEDTAVYYCAKTTVTTDFYYYYGMDVWGQGTTVTVSS	QSVLTQPPSASGTPGQRVTISCSGSSSNIGSNAVNWYQQLPGTAPKLLIYSTNERPSGVPDRFSGSKSGTSASLAISGLQSEDEADYYCEAWDDSLKEVFGTGTKVTVL	GFTFSNYG	ISYGGSET	AKTTVTTDFYYYYGMDV	SSNIGSNA	STN	EAWDDSLKEV
H1N1_294-16-IgG-2D01_	HA:Head	EVQLLESGGGLVQPGGSLRLSCGASGFTFSNYVMHWVRQAPGKGLAWVSAISASGISTYYANSVKGRFTISRDNSKSTLFLHMNSLRAEDTAVYYCAKDYMRLVPATGTVGNWGQGTLVTVSS	EIVMTQSPATLSVSPGERATLSCRASQSVSSNLAWYQQRPGQAPRLLIYGASSRATGIPARFSGSGSGTDFTLTISSLQSEDFAVYYCQQYHNWPPLTFGGGTKVEIK	GFTFSNYV	ISASGIST	AKDYMRLVPATGTVGN	QSVSSN	GAS	QQYHNWPPLT
19.0|PCWilson_donor_220	HA:Head	EVQLVESGGGLVQPGRSLRLSCAVSGFTFDDYAMHWVRQVPGKGLEWVSGCSWNSGTIGYADSLKGRFTISRDNAKNSLYLQMNSLRAEDTALYYCAKGYGSGNSYPLAPTLDYWGQGTLVTVSS	QSALTQPASVSGSPGQSITISCTGTGSDIGDNSYVSWYQKHPGKAPKLMIYDVSNRPSGVSNRFSGSKSGNTASLTISELQAEDEADYYCSSYRSSSTLVVFGGGTKLTVL	GFTFDDYA	CSWNSGTI	AKGYGSGNSYPLAPTLDY	GSDIGDNSY	DVS	SSYRSSSTLVV
H1N1_294-16-IgG-1A05_	HA:Head	EVQLLESGGGLVQPGGSLRLSCAASGFIFSSYGMSWVRQAPGKGLEWVSHISGSDGSTYYADSVKGRFTISRDNSKSTLYLRMNSLRAEDTGVYYCAKSHSTGYYVGWFDPWGRGTLVTVSS	EIVMTQSPATLSVSPGERATLSCRASESISSNLAWYQQKPGQAPRLLIYGASTRATGIPARFSGSGSGTEFTLTISSLQSEDFAVYYCQQYNNWPYTFGQGTKVEIK	GFIFSSYG	ISGSDGST	AKSHSTGYYVGWFDP	ESISSN	GAS	QQYNNWPYT
H1N1_300-16-IgG-2E02_	HA:Head	QVQLVQSGAEVKKPGSSVKISCEASGNTFTKYAISWVRQAPGQGLEWMGGMNPNFGTTNYAQKFQGRLTITADERTTTAYMDLSSLRPDDTAVYYCARAKLLGEVSLGPPEFWGQGTLVTVSS	DIQMTQSPSSLSASIGDRVTITCQASQDIKKYLNWYQQKPGKAPKLLIYDASSLQTGVPSRFSGSGSGTEFTFTISSLQPEDIATYYCQQYHNLIPMDTFGQGTKVEIK	GNTFTKYA	MNPNFGTT	ARAKLLGEVSLGPPEF	QDIKKY	DAS	QQYHNLIPMDT
7A13	HA:Head	EVQLQESGPGLVKPSGTLSLTCAVSGASLSSSDWWTWVRQPPGKGLEWIGEIHHGGSTNSNPSLQSRVTISIDKSKKQFSLKLTSVTVADTAIYYCARAPGADAGPYSENIHHWGQGTLVTVS	QLVLTQSPSASASLGASVKLTCTLSSRHSDYAIGWHQQQPGKGPRYLMKLNPDGSHTKGDGIPDRFSGSSSGAERYLTISNLLSEDEADYYCQTWGTGIQVFGGGTRLTV	GASLSSSDW	IHHGGST	ARAPGADAGPYSENIHH	SRHSDYA	LNPDGSH	QTWGTGIQV
79.0|Lanzavecchia_donor_FISW	HA:Head	QVTLRESSPALVKPTQTLTLTCTFTGFSLSTSGMRVSWIRQPPGKALEWLAFIDWENYKYYSTSLKTRLTISKDTSKNQVVLTMTNMDPVDTATFYCARNNYFDSGYGMDVWGRGTTVTVSS	QSALTQPASVSGSPGQSITISCTGTSSDVGGYDYVSWYQQHPGKAPRLMIYEVSFRPSGVSNRFSGSKSGNTASLTISGLQAEDEADYYCTSHTSSSALVFGGGTELTVL	GFSLSTSGMR	IDWENYK	ARNNYFDSGYGMDV	SSDVGGYDY	EVS	TSHTSSSALV
42.0|Lanzavecchia_donor_LPAF	HA:Head	QVTLRESGPALVKPTQTLTLTCSFSGFSLTTSGMCVSWIRQPPGRALEWLALIDWNDVKYYSTSLKTRLTISRDTSKKQVVLTMSNMDPLDTATYYCARMLYGDFGGYLDPWGQGTLVTVSS	SYELTQALSVSVALGQTARITCGGNNIGYKNVHWYQYKPGQAPVLVIYRDTNRPSGIPERFSGSNSGNTATLTISGAQGGDEADYYCQVWDSSSVAFGGGTKLTVL	GFSLTTSGMC	IDWNDNK	ARMLYGDFGGYLDP	NIGSKN	TDI	QVWDSNTVL
28.0|PCWilson_donor_240	HA:Head	QVQLQESGPGLVKPSETLSLTCAVSGYSISNGYYWGWIRQPPGKGLEWIGNIYHSGSTYYNPSLKSRVTISVDTSKNQFSLRLSSVTAADTAVYFCARIYMVRDLEIYYFDSWGQGTLVTVSS	SYELTQPPSVSVAPGKTARITCGGNSIGLKRVHWYQHKPGQAPVLVIHYDSDRPSGIPDRFSGSNSGTAATLTISRVEAGDEADYHCQVWDVSGDHVVFGGGTKLTVL	GYSISNGYY	IYHSGST	ARIYMVRDLEIYYFDS	SIGLKR	YDS	QVWDVSGDHVV
SFV019_2A02	HA:Head	QVQLVQSGAEVKRPGASLKVSCKASGYSFTTYGITWVRQAPGQGLEWMGWISTYNGYTNYAQRLQGRVTMTTDTSTGTAYLELRSLTYDDTAVYYCARRGDYGDYRGDAFDIWGQGTMVTVSS	DIQMTQSPSSLSASVGDRVTITCQASQDVSNYLNWYQQKPGKAPKLLIYDTSNLETGVPSRFSGTGSGTDFTFTISSLQPEDVATYFCQQVFTFGPGTKVDIK	GYSFTTYG	ISTYNGYT	ARRGDYGDYRGDAFDI	QDVSNY	DTS	QQVFT
128.0|Melbourne_donor_W85	HA:Head	EVQLVESGGGLVQSGGSLRLSCTASGFTFRNYDMEWVRQVTGKRLEWVSGVGSAGYPYYADSVKGRFTVSRENAKNSLYLQMTNLRAGDTAVYYCARLRPCGGDCYYLDYWGQGTLVTVSS	SYELTQPPSVSVAPGQTARITCGGNNIGSESVHWYQQKPGQAPVLVVYDDSDRPSGIPERFSGSNSGNTATLTISRVEAGDEADYYCQVWEGSSDHPLLFGSGTKVTV	GFTFRNYD	VGSAGYP	ARLRPCGGDCYYLDY	NIGSES	DDS	QVWEGSSDHPLL
18.0|PCWilson_donor_SFV015	HA:Head	EVQLVESGGGLVQPGGSLRLSCAASGFTFSSYSMSWVRQAPGKGLEWVANINKEGSEKNHVDYVKGRFTISRDNAKNTLYLQMNSLRAEDTAVYYCARVSREEWATVDDPHDYYYMDVWGQGTTVTVSS	DIQMTQSPSSLSASVGDRVTITCRASQRISNYLNWYQQKPGKAPKLLIYNAYTLESGVPSRFSGSGSGTDFTLTISSLQPEDFGTYYCQQSYNTLFTFGGGTKVEIK	GFTFSSYS	INKEGSEK	ARVSREEWATVDDPHDYYYMDV	QRISNY	NAY	QQSYNTLFT
V4-17	HA:Head	QLQLQESGPGLVKPSETLSLTCTVSGGSITRNSYFWGWIRQPPGKGLEWIGSMYYDGTTYHNPSLKSRLTLSADTSKNQFSVRLSSVTAADTAVYYCARHHVTELRVLEWLPKSDYWGQGTLVTVSS	QSVLTQPPSASGTPGQRVTISCSGSSSNIGTYYVHWYQHLPGTAPKLLIYDNNQRPSGVPDRFSGSKSGTSASLAISGLRSEDEADYHCAAWDDSLSGVVFGGGTKLTVL	GGSITRNSYF	MYYDGTT	ARHHVTELRVLEWLPKSDY	SSNIGTYY	DNN	AAWDDSLSGVV
4640	HA:Head	EVQLVESGGGLVKPGGSLRLSCAASTFNLSNAWMNWVRQAPGKGLEWVGRIKSKTDGGTTDYAAPVKGRFIISRDDSKNMLYLQMNSLKIEDTAVYYCATNKDSLGGYEAYDIWGQGTMVTVSS	DIQMTQSPSSLSASVGDRVTITCQASQDITNYLHWYQQKPGKAPKLLIYDASFLETGVPSRFSGSGSGTHFTFTISSLQPEDIATYYCQQYEHLPSFGPGTKVDFK	TFNLSNAW	IKSKTDGGTT	ATNKDSLGGYEAYDI	QDITNY	DAS	QQYEHLPS
23.0|PCWilson_donor_SFV015	HA:Head	QVQLVQSGAEVKKPGASVKVSCKASGFTFSDLYIHWVRQAPGQGLEWMGRINPNRGTTKYAEKFRGRVSMTRDTAISTAYMDVSRLQSDDTAVYYCARDIDSGDYRAADVFQIWGQGTMVTVSS	DIQMTQSPSSLSASVGDRVTITCQASQDFSNYLNWYQQKPGKAPKLLIYDASNLETGVPSRFSGSGSGTEYTLTISSLQPEDFATYYCQQLATFGPGTKVDIK	GFTFSDLY	INPNRGTT	ARDIDSGDYRAADVFQI	QDFSNY	DAS	QQLTT
5J8	HA:Head	EVQLVESGPGLVKPSDILSLTCAVSGYSISSNYYWGWIRQPPGKGLEWIGSIYHSGSTYYKPSLESRLGISVDTSKNQFSLKLSFVSAADTAVYYCARHVRSGYPDTAYYFDKWGQGTLVTVS	SYVLTQPPSVSVAPGETARISCGGNNIGTKVLHWYQQTPGQAPVLVVYDDSDRPSGIPERFSGSNSGNTATLTISRVEVGDEADYYCQVWDISTDQAVFGGGTKLTVL	GYSISSNYY	IYHSGST	ARHVRSGYPDTAYYFDK	NIGTKV	DDS	QVWDISTDQAV
7.0|Donor_H	HA:Head	EVQLVESGGDLVKPGGSLRLSCAASGFTFSYASMTWVRQAPGKGLEWVGRIKSLEWGGTTDYAAPVRGRFTISRDDSKNTVYLQMNSLKIEDTAVYYCVTAATNDYYDTYGYSDYWGQGTLVTVSS	DIVMTQSPLSLPVTPGEPASISCRSSQSVQRSNGYNYLDWYLQKPGQSPQLLIYVGSNRASGVPDRFSGSGSGTDFTLKISRVEAEDVGVYYCMQTLETPQTFGQGTKVEIK	GFTFSYAS	IKSLEWGGTT	VTAATNDYYDTYGYSDY	QSVQRSNGYNY	VGS	MQTLQTPQTF
61.0|Melbourne_donor_K77	HA:Head	EVQLVESGGVVVQPGGSLRLSCAASGFSFDDYAMHWVRQAPGKGLEWVSSINWDGGIFYADSVKGRFTISRDDSKNSLYLQMNSLRAEDTALYYCAKDSGRAVVNYVPEAFDFWGQGTVVTVSS	DIQMTQSPSSLSASVGDRVTITCRASQGISRWLAWYQQKPDKAPKSLIYAASSLQSGVPSRFSGSGSGTDFTLTISSLQPEDFGTYYCQQYSSFPLTFGGGTKVDIK	GFSFDDYA	INWDGGI	AKDSGRAVVNYVPEAFDF	QGISRW	AAS	QQYNSFPLT
14.0|Donor_H	HA:Head	QVQLVESGGGVVQPGRSLRLSCAASGFTFSEYGMHWVRQPPGKGLEWVALIYYGGTDDHYADSVKGRFTISRDNSKNTLFLQMNSVRVEDTAVYFCARDEWAVHDSYYYGMDVWGRGTTVTVSS	EIVLTQSPATLSLSPGERATLSCRASQSVSSHLAWYQQKPGQAPRLLIYDASNRATGIPARFSGSGSRTDFTLTISSLEPEDSAVYYCQQRTNWHSSFGQGTRLEIK	GFTFSEYG	IYYGGTDD	ARDEWAVHDSYYYGMDV	QSVSSH	DAS	QQRSNWQSSF
117.0|Melbourne_donor_R95	HA:Head	QVQLVQSGAEVKKPGASVKVSCKASGYTFTSYYLHWVRQAPGQGLEWMALINPSGGGTSYAQMFQGRVTLTSDTSTSTVYMELSSLRSDDTAVYYCARTLSCGGDCYYFDFWGQGTPVTVSS	SYELTQPPSVSVAPGQTARITCGGINIGSKSVHWYQQKPGQAPVLVVYDDSDRPSGIPERFSGSNSGNTATLTISRVEAGDEADFYCQLWDGGSDLWLFGGGTKLNVL	GYTFTSYY	INPSGGGT	ARTLSCGGDCYYFDF	NIGSKS	DDS	QLWDGGSDLWL
86.0|PCWilson_donor_241	HA:Head	EVQLVESGGGLVQPGGSLRLSCTASGFTFSDFEMNWVRQAPGKGLEWISFISRGGYNKHYADSVRGRFTVSRDNAKNSLYLQMDVLRAEDTAVYYCVRDHVELATDHSEFDYWGQGTLVTVSS	DIQMTQSPSSLSASVGDTVTITCRASEGIRIDLGWYQQKPGKAPKRLIYAASNLQSGVPSRFSGRGSGTEFTLTISSLQPEDFATYFCLQHDSYPRTFGQGTKVEIK	GFTFSDFE	ISRGGYNK	VRDHVELATDHSEFDY	EGIRID	AAS	LQHDSYPRT
2D1	HA:Head	EVQLVESGPALVKPTQTLTLTCSFSGFSLSTSGMSVSWIRQPPGKALEWLALIDWDDDTYYITYSSSLKTRLTISKDTSKSQVVLTMTNMDPVDTATYYCARTLRVSGDYVRDFDLWGRGTLVTVSS	QPVLTQPPSASGTPGQRVTISCSGSSSNIGSNTVSWYQQVPGTAPKLLIYGNNERPSGVPDRFSGSKSATSASLAISGLQSEDEADYYCAAWDDSLNGFWVFGGGTKVTVL	GFSLSTSGMS	IDWDDDT	ARTLRVSGDYVRDFDL	SSNIGSNT	GNN	AAWDDSLNGFWV
3365	HA:Head	QVQLVESGGGVVQPGRSLRLSCEASGFTFSRYGVHWVRQAPGKGLEWVAVIWDASFTNYTKSVRGRFTISRDDSKNTLYLQMNSLRAEDTAVYYCARDPPYRTGHLDYWGQGTLVIVS	EIALTQSPGTLSLSPGERATLSCRASQSVGSYLAWYQQKPGQAPRLLIYDASNRATGIPARFSGSGSGTDFTLTISSLEPEDFAIYYCQQRSDWPLAFGGGTKVEIK	GFTFSRYG	IWDASFT	ARDPPYRTGHLDY	QSVGSY	DAS	QQRSDWPLA
29.0|PCWilson_donor_236	HA:Head	QVQLVESGGGLVKPGGSLRLSCAASGFTFSDYYMTWIRQAPGKGLEWVSYIDSRSTYRSYADSVKGRFTISRDNAKNSLYLQMNSLRAEDTAVYYCAAGSGSYSYHGLDVWGQGTTVTVSS	NFMLTQPRSVSESPGKTVTISCTGSGAIIASNYLQWYQQRPGSAPTIVIYEGDQRPSGVPDRFSGSVDSSSNSASLTISGLKTEDAADYYCQSYDTGLWVFGGGTKLTVL	GFTFSDYY	IDSRSTYR	AAGSGSYSYHGLDV	GAIIASNY	EGD	QSYDTGLWV
H1N1_294-16-IgG-1D04_	HA:Head	EVQLVQSGAEVKKPGASVRVSCKVSGISLTELSMHWVRQAPGQGLESIGGFDAEEDKIIYAQKFQGRVTMTDDTSTETAYMELSGLRREDTAVYYCATVLLVGPEYMDVWGKGTTVTVSS	DIVMTQSPLSLPVTPGEPASISCRSSQSLLYSNGYNHLVWYLQKPGQSPQLLIYLASSRASGVPDRFSGSGSGTDFTLKISRVEADDVGVYYCMQTLQTPRTFGQGTKVEIK	GISLTELS	FDAEEDKI	ATVLLVGPEYMDV	QSLLYSNGYNH	LAS	MQTLQTPRT
135.0|Harrison_donor_S1	HA:Head	SGPGLVKPSETLSLTCTVSGGSLSIYYWSWVRQSPGKGLEWIGYISNSGSPTYHPSLKSRVTISLDTSKSQFSLKLTSVTAADTALYFCARGVLEQLAPDFDSYYYGMNVWGQGTTVTVSS	SASVGDRVTITCRSSQPISKFLNWYQHKPGLAPKLLIYAVSNLQSGVPSRFSGSGSGTDFTLTVSSLDPEDFATYYCQQSYSTPYTFGQGTKLEIK	GGSLSIYY	ISNSGSP	ARGVLEQLAPDFDSYYYGMNV	QPISKF	AVS	QQSYSTPYT
11J19	HA:Head	EVQLQESGPGLVKPSETLSLSCTVSGGSITRSSYYWGWIRQPPGKGLEWIGNIYYSGTTYYNPSLKSRVTISVDTSKNQFSLKLSSVTAADTAVYYCARLYGSGLDYWGQGTLVTVS	DIQLTQSPSFLSASVGDRVTITCRASQGSSRYVAWYQQKPGKAPKLLILAASTLHTGVPSRFSGSGSGTEFTLTISSLQPEDFATYSCQQLNGFLLTFGGGTKVEIK	GGSITRSSYY	IYYSGTT	ARLYGSGLDY	QGSSRY	AAS	QQLNGFLLT
H3N2_229-14-1C01_	HA:Head	EVQLVESGGGLVQPGRSLRLSCAGSGFSFGDYDMSWFRQAPGKGLDWVGVIRGKKFGGTTEYAASVKGRFSLSRDDSKSIAYLQMNSLKTDDTAVYYCNTWGRPIYSYGYEGYNYRMDVWGQGTTVTVSS	DIQMTQSPSSLSASVGDTVTVTCRASHDIGDDLAWYQKKPGKAPKRLIYSASSLHSGVPSRFNGRGSGTEFTLRISSLQPEDFATYYCLQHNDNPWTFGQGTKVEIK	GFSFGDYD	IRGKKFGGTT	NTWGRPIYSYGYEGYNYRMDV	HDIGDD	SAS	LQHNDNPWT
1431-B	HA:Head	EVQLVESGGGLVKPGGSLRLSCAASGFNSSNAWMKWVRQAPGKGLEWVGRIKSKTDSGTTDYAAPVKGRFTISRDDSKNTLYLQMNSLKSEDTAVYYCTTDLVRYYGMDVWGHGTTVTVSS	DIQLTQSPSSLSASVGDRVTITCQASQDITNYLNWYQQTPGKAPKLLIYDASDLKTGVPSRFSGSGSGTDFTLTISSLQPEDIATYFCQQFDSLPITFGQGTRLDIK	GFNSSNAW	IKSKTDSGTT	TTDLVRYYGMDV	QDITNY	DAS	QQFDSLPIT
CL6649	HA:Head	QVQLQESGPGLVKTSETLSLTCTVSGGSIKNKDFFWAWIRQPPGKALEWIGSVFYSGGAYYNWSLRNRVTMSADTSKNQFSLKMTSVTASDTSFYYCATSYVDNWHAGLHWFDSWGRGTLVTVS	QSVLTQPPSVSGAPGQRVSISCTGTHSNIGAGFDVHWYQQLPGTAPKLLIYANNNRPSGVPDRFSGSKSGSSASLAITGLQAEDEADYYCQSFDSILSGDLVFGGGTKLT	GGSIKNKDFF	VFYSGGA	ATSYVDNWHAGLHWFDS	HSNIGAGFD	ANN	QSFDSILSGDLV
SFV015_2F06	HA:Head	EVQLLESGGDLVQPGGSLRLSCAASGFIFRSYAMSWVRQAPGKGLEWVSMISGSSEDTHYADSVKGRFTISRDNSKNTVYLRMNNLRAEDTAFYYCAREEFTDTEMTINQGDFAYWGHGTLVTVSS	DIQMTQSPSSLSASVGDTVTITCRASQSISVYLNWYQQKPGKAPKLLIYGASILQSGVPSRFSGIGSGTDFTLTISSLQPEDFATYYCQRSFITPFTFGPGTKVDIK	GFIFRSYA	ISGSSEDT	AREEFTDTEMTINQGDFAY	QSISVY	GAS	QRSFITPFT
97.0|PCWilson_donor_150055-037	HA:Head	EVQLVESGGGLVQPGRSLRLSCAASGFTFDDYAMHWVRQAPGKGLEWVASINWKGNSIDHADSVKGRFTISRDNAKNSLYLQMNGLRGEDTALYYCAKDRKMDSSMDYYYYSGMDVWGQGTTVTVSS	DIQMTQSPSSLSASVGDRVTITCRASQDIRKYLNWYQHKPGKAPKLLIYDASNLETGVPSRFSGSGSGTDFTVTISSLQPEDIATYYCQQYDNLVTFGGGTKVEIK	GFTFDDYA	INWKGNSI	AKDRKMDSSMDYYYYSGMDV	QDIRKY	DAS	QQYDNLVT
8M2	HA:Head	EVQLVESGADMKPPGSSVKVPCKASGDTFSSYTITWVRQAPGQGLEWMGGITPIFGSPNYAQRFQDRVIITADESTSTAYMEVSNLRSEDTAVYFCARVGGEWGSGRYYLDHWGQGTLVTVS	DIQLTQSPASLSVSPGERATLSCRASQSVAGNLAWYQQKPGQAPRLLIYGASTRATGIPARFSGSGSGTEFTLTITSLQSEDFAVYYCQQYNNWPPWTFGQGTKVDIK	GDTFSSYT	ITPIFGSP	ARVGGEWGSGRYYLDH	QSVAGN	GAS	QQYNNWPPWT
1F1	HA:Head	EVQLVQSGGGVVQPRRSLRLSCAASGFTFSSYAMHWVRQAPGKGLEWVAVISYDGRNKYYADSVKGRFTVSRDNSKNTLYLQMNSLRAEDTSVYYCARELLMDYYDHIGYSPGPTWGQGTLVTVSS	QPVLTQPPSASGSPGQRVTISCSGSSSNIGSYTVNWYQQLPGTAPKLLIYSLNQRPSGVPDRFSGSKSGTSASLAISGLQSEDEAVYYCAAWDDSLSAHVVFGGGTKLTVL	GFTFSSYA	ISYDGRNK	ARELLMDYYDHIGYSPGPT	SSNIGSYT	SLN	AAWDDSLSAHVV
78.0|Lanzavecchia_donor_FISW	HA:Head	QVTLRESGPALVKPTQTLTLTCTFSGFSLNTSGMCVSWIRQPPGKALEWLALIDWDDNTYYRTSLKTRLTISKDTSKNQVVLTMANMDPVDTATFYCARTLYGDYAGGNFDSWGQGTLVTVSS	SYVLTQPPSVSVAPGQTARITCGGNDIGFKSVHWYQQTPGQAPILVIYSDSARPSGIPERFSGFNSGNTATLTISRVEAGDEADYYCQVWDRSSDVVFGGGTKLTVL	GFSLNTSGMC	IDWDDNT	ARTLYGDYAGGNFDS	DIGFKS	SDS	QVWDRSSDVV
2897	HA:Head	EVQLVQSGGGLVKPGGSLRLSCAGTFSDAWMNWVRQAPGKGLEWVGRIKSETDGGTTDYAAPVKGRFTISRDDSQNRVYLQMNSLKSEDTAVYYCTTDPAYYRVDYWGQGTLVTVSS	DIQMTQSPSSLSASVGDRVTITCQASQDISNYLNWYQQKPGKAPKLLIYDASNLETGVPSRFGGSGYGTDFTFTISSLQPEDVATYYCQQYDTLPLTFGGGTKVEIK	TFSDAW	IKSETDGGTT	TTDPAYYRVDY	QDISNY	DAS	QQYDTLPLT
107.0|Lanzavecchia_donor_FISW	HA:Head	QLQLQESGPGLVKPSETLSLTCTVSGGSITTRSFYWGWVRQPPGKGLEWIGSIYYSGSTYYTPSLKSRLTISADTSKNHFSLRLRSVAAADTAVYYCARTLLDQGEAFHIWGQGTMVTVSS	QSALTQPPSASGSPGQSVTISCTGTSSDVGYYNYVSWYQQHPGKAPKLMIYEVSKRPSGVPDRFSGSKSGNTASLTVSGLQAEDEADYYCSSYAGSNNFNVFGGGTKLTVL	GGSITTRSFY	IYYSGST	ARTLLDQGEAFHI	SSDVGYYNY	EVS	SSYAGSNNFNV
3.0|Donor_H	HA:Head	EVQLVESGGGLVQPGGSLRLSCATSGFSFNSYWMTWVRQAPGKGLEWVANINQVGSEIYYVDSVKGRFTISRDNAKNSLYLQMNSLRAEDTAVYYCARQGSFADTYFYYYAMDVWGQGTTVTVSS	QSVLTQPPSVSGAPGQRVTISCTGSSSNIGAGYDVHWYQLLPGTAPKLLIYAFSDRPSGVPDRFSGSKSGTSASLAITGLQAEDEGDYYCQSYDSSLSGLDVVFGGGTKLTVL	GFSFNSYW	INQVGSEI	ARQGSFADTYFYYYAMDV	SSNIGAGYD	AFS	QSYDSSLSGLDVVF
1431-A	HA:Head	EVQLVESGGGLVKPGGSLRLSCAASGFSFTNAWMKWVRQAPGKGLEWVGRIKSKTDGGTTDYTAPVKGRFTISRDDSKNTVYLQMNSLKTEDTAVYYCSGSGRYYYGMDIWGQGTTVTVSS	DIQMTQSPSSLSASVGDRVTITCQASQDITNYLIWYQQKPGKAPKLLIYDASNLETGVPSRFSGSGSGTDFTFTISSLQPEDIATYYCQQFEALPITFGPGTKVDIK	GFSFTNAW	IKSKTDGGTT	SGSGRYYYGMDI	QDITNY	DAS	QQFEALPIT
51.0|1974_donor	HA:Head	QVQLVQSGAEVKKPGSSVKVSCKASGGTFSKYAINWVRQAPGQGLEWMGGIIPFFGTTNYAQKFQGRVTITADASTRTAYMELSSLRSEDTAVYYCARPSINESPYCLDCAAKDYYYGLDVWGQGTTVTVS	QSVLTQPPSASGTPGQRVTISCSGSTSNIGSNTVNWYQQLPGTAPKLLIYSNNQRPSGVPDRFSGSKSGTSASLAISGLQSEDEADYYCAAWDDSLNGVVFGGGTKLTVL	GGTFSKYA	IIPFFGTT	ARPSINESPYCLDCAAKDYYYGLDV	TSNIGSNT	SNN	AAWDDSLNGVV
124.0|Melbourne_donor_W85	HA:Head	EVQLVESGGGAVQPGGSLRLSCAASGFTFDDYAMHWVRQPPGRGLEWVSLVSGHGGTTYYADSVKGRFTITRDNSKNSLYLQMNSLRVEDTALYHCAKERPPPGHSFGLDAFDIWGPGTLVTVSS	SYELTQPPSVSVAPGQTAWITCGGKNIGIKSVHWYQQKPGQAPVLVVYDDSDRPSGIPERFSGSNSGNTATLTISRVEAGDEADYYCQVWESFSNVEFGGGTKL	GFTFDDYA	VSGHGGTT	AKERPPPGHSFGLDAFDI	NIGIKS	DDS	QVWESFSNVE
8F8	HA:Head	EVQLVESGGGVVQPGRSLRLSCAASGFMFSSYVMHWVRQPPGKGLEWVAVIWYDGSKTYFADSMRGRLTVSRDNSKNALYLQMNRLRAEDTAVYYCARQQDSGYSGPEVSYYSHYGMDVWGQGTMVTVS	QSVLTQSPSASGTPGQAITISCSGSSSNIGSNPVNWYQQLPGAAPKLLIYADEHRPSGVPDRFSGSKSGTSASLAISGLQSEDEADYYCAAWDDSLSGPAVVFGGGTKLTVL	GFMFSSYV	IWYDGSKT	ARQQDSGYSGPEVSYYSHYGMDV	SSNIGSNP	ADE	AAWDDSLSGPAVV
220-14-IgA_2C02	HA:Head	QVQLVESGGGVAQPGKSLRLSCVGSGFTFSDYGMHWVRQAPGKGLEWVAVTSRDGTNTRYGDSVKGRFTISRDNSVNTLFLQMDSLREEDTAVYYCARRSVSWLSSPDYWGQGTLVTVSS	QSALTQPPSASGSPGQSVTISCTGTSSDVGGYSYVSWYQQHPGKAPKLMIYEVTKRPSGVPDRFSGSKSGNTASLTVSGLQAEDEADYYCSSYANSDTFVFGTGTKVTVL	GFTFSDYG	TSRDGTNT	ARRSVSWLSSPDY	SSDVGGYSY	EVT	SSYANSDTFV
2B12	HA:Head	EVQLQESGPGLVKPSQTLSLTCNVSGGSITGDYKWSWIRQPPGKGLEWIGHIHSTGTTYYNPSLRSRITISMDTSKNNLSLRLTSVTAADTAVYYCASHTLTSGHYPRDFDFWGQGTLVTVSS	SYVLTQPPSVSGTPGQRVIISCSGYSSNIGSNTVNWYQQFPGTAPRLLIYANNQRPPGVPDRFSGSKSGTSASLAISGLQSDDESDYYCAAWDDSLNGHWVFGGGTKVTVL	GGSITGDYK	IHSTGTT	ASHTLTSGHYPRDFDF	SSNIGSNT	ANN	AAWDDSLNGHWV
2G1	HA:Head	EVQLVESGAEVKKPGSSVKVSCKASGGTFITHVFTWVRQAPGQGLEWVGGFIAIFGTSNYAQKFQGRVTITADESTSTAYMELTSLTSEDTAVYYCARGISGSYGWFDPWGQGTLVTVS	DIQLTQSPSSLSASVGDRVTITCQASQDIRKYLNWYQQKPGKAPNLLIYDASNVKTGVPSRFRGSGSGTDFTFTISSLQPEDIATYYCQQYDNLPITFGQGTRLEIK	GGTFITHV	FIAIFGTS	ARGISGSYGWFDP	QDIRKY	DAS	QQYDNLPIT
236-14-IgA_2A03	HA:Head	QVQLVESGGGLVKPGGSLRLSCVASGFTLSDYYMNWIRQAPGKGLEWVSYINTKSSYRSYADSVEGRFTISRDNAKNSLYLQMNSLRADDTAVYFCAAGSGTYDYYGLDVWGRGTTVTVSS	NFMLTQPHSVSESPGKTVTISCTGSSGIIAGSFVQWYQQRPDSAPTTMIYKNDRRPSGVPDRFSGSIDMSSNSASLTISGLKTEDEADYYCQSYDTGFWVFGGGTKLTVL	GFTLSDYY	INTKSSYR	AAGSGTYDYYGLDV	SGIIAGSF	KND	QSYDTGFWV
116.0|Melbourne_donor_R95	HA:Head	EVQLVESGGGVVQPGRSLRLSCAASGFDFSDYAMHWVRRAPGKGLEWVAVISYYGDSEHYGDSVKGRFTISRDKSKKTLFLQMNSLRVEDTAVYYCARDTYLYWYDVGHYHYYGMDVWGPGTTVTVSS	QSVLTQPPSVSAAPGQKVTLSCSGSSSNIGKNYVSWYQQVPGTAPKVLINDNNKRPSGIPDRFSGSKSGTSATLGITGLQTGDEADYYCGTWDSNLSVWVFGGGTKLTVL	GFDFSDYA	ISYYGDSE	ARDTYLYWYDVGHYHYYGMDV	SSNIGKNY	DNN	GTWDSNLSVWV
27.0|Harrison_donors	HA:Head	EVQLVQSGAEVKKPGESLKISCKGSGYSFTSYWIGWVRQMPGKGLEWMGIIYPGDSDTRYSPSFQGQVTISADKSISTAYLQWSSLKASDTAMYYCARVVADREGFGYYYGMDVWGQGTTVTVSS	EIVLTQSPGTLSLSPGERATLSCRASQSVDSSSLAWYQQKPGQAPRLLIYAASSRATGIPDRFSGSGSGTDFTLTISRLEPEDFAVYYCQQCGSSPWTFGQGTKVEIK	GYSFTSYW	IYPGDSDT	ARVVADREGFGYYYGMDV	QSVDSSS	AAS	QQCGSSPWT
H2526	HA:Head	QVQLVQSGAEVRKPGSSVKVSCKASRGTFSNHAVSWVRQAPGHGLEWLGGLIPIFSTPHYAQKFQGRVTITADESTNTVHMELSSLRSEDTAVYYCAREIPGATSGPDHFFFYGMDVWGQGTTVAVSS	QSVLTQPLSAPGTPGQRVTISCSGSSSNVGTNAVDWYQRLPGTAPKLLIYYNNQRPSGVPDRFSGSKSGTSASLAISGLRSEDEADYYCATWDNSLNDRVFGGGTKLTVL	RGTFSNHA	LIPIFSTP	AREIPGATSGPDHFFFYGMDV	SSNVGTNA	YNN	ATWDNSLNDRV
127.0|Melbourne_donor_W85	HA:Head	QVQLQESGPGLVKPSETLSLDCNVSGGSISSYYWSWIRQPPGKGLEWIGYVYSSVTTNYNPSLKSRVTISLDTSKNAFFLMLSSATAADTAVYYCARLGAYCGGDCQPRNLYYSYYMDVWGKGTTVTVSS	DIVMTQSPLSLPVTPGEPASISCRSSQSLLHSNGYNYLDWYLQKPGQSPQLLIYLASNRASGVPERFSGSGSGTDFTLKISRVEAEDLGVYYCMQALQTPFTFGPGSKVDF	GGSISSYY	VYSSVTT	ARLGAYCGGDCQPRNLYYSYYMDV	QSLLHSNGYNY	LAS	MQALQTPFT
10.0|Harrison_donor_TIV01	HA:Head	QVQLQESGPGLVKPSETLSLTCTVSGGSISSYYWSWIRQPPGKGLEWIGYIYYSGSTDYNPSLKSRVTISVDTSKNQFSLKLSSVTAADTAVYYCARRRSDFETVDFIYHYMDVWGKGTTVTVSS	DIQMTQSPSSLSASVGDRVTITCRASQSISSYLNWYQQKPGKAPKLLIYAASSLQSGVPSRFSGSGSGTDFTLTISSLQPEDFATYYCQQSYSIPLTFGQGTRLEIK	GGSISSYY	IYYSGST	ARRRSDFESVDYIYHYMDV	QSISSY	AAS	QQSYSIPLT
89.0|Melbourne_donor_K77	HA:Head	QVQLVQSGADVKKPGASVKVSCKASGYTFTSYGITWVRQAPGQGLEWVGWISGYNGNTKYAQNLQGRVTMTSDTSTSTAYMELRSLRSDDSAVYYCARDSYYGSGTYTPMNLYNYYYHMDVWGQGTTVTVSS	DIQMTQSPSSLSASVGDRVTFTCRASQTIDNYLNWYQQKPGKAPKLLIYAASNLQSGVPSRFSGGGSGTDFTLTISSLQPEDFAPYYCQQTYSAPMYTFGQGTKLEIK	GYTFTSYG	ISGYNGNT	ARDSYYGSGTYTPMNLYNYYYHMDV	QTIDNY	AAS	QQTYSAPMYT
3652	HA:Head	EVQLVESGGGLVKPGGSLRLSCASSGFNFSNAWVKWVRQAPGKGLEWVGRIKSETDGGTTDYAAPVKGRFTISRDNSRNTLYLQLNSLRTEDTGMYYCTTSRKSYYYLMDVWGQGTAVTVS	DTQLTQSPSSLSASVGDRVTITCQASHDITNYLNWFQQKPGKSPKLLIYDASILETGVPSRFSGSGSGTHFTFTINNLQSEDIATYYCQQFDSLPLTFGGGTKVGLK	GFNFSNAW	IKSETDGGTT	TTSRKSYYYLMDV	HDITNY	DAS	QQFDSLPLT
13.0|Melbourne_donor_W85	HA:Head	QVQLQESGPGLVKPSETLSLTCNVSGGSISSSAYFWGWIRQPPGKGLEWIGTIYDSGSTDYNPSLKSRVTISVDTSKNQFSLRLSSVTAADTAVYYCARRTSSGSYYEYFHHWGQGTLVTVSS	DIVMTQSPLSLPVTPGEPASISCRSSQSLLHSNGYNYLDWYLQKPGQSPQLLIYLGSNRASGVPDRFSGSGSGTDFTLKISRVEAEDVGVYYCMQALQTPFTFGPGTKVDIK	GGSISSSAYF	IYDSGST	ARRTSSGSYYEYFHH	QSLLHSNGYNY	LGS	MQALQTPFT
77.0|Lanzavecchia_donor_FISW	HA:Head	QVTLRESGPALVKPTQILTLTCSFSGFSLSTSGMCVSWIRQPPGKALEWLARIDWDDNKNYNTSLKTRLTISKDTSKNQVVLTMTNMDPVDTATYYCARQLHGDYVRGVFDIWGQGTMVTVSS	SYVLTQSPSVSVAPGQTARITCGGKNIGLKSVHWYQQKPGQAPVLVVYADSDRPSGIPERFSGSNSANTATLTISRVEVGDEADYYCQVWDSSSDHLGVFGGGTKLTVL	GFSLSTSGMC	IDWDDNK	ARQLHGDYVRGVFDI	NIGLKS	ADS	QVWDSSSDHLGV
SFV009_2G01	HA:Head	QVQLQESGPGLVKPSETLSLTCSVSGGSISSYYWTWIRQPPGKGLEWIGNIYYSGSTYYSPSLKSRVTISIDTSKNQFSLKLNSVTTADTAVYYCARDCSGFEDMDSFYYFMDVWGKGATVTVSS	EIVLTQSPATLSLSPGERATLSCRASQRLTSSLSWYQQKPGQAPRLLIYAASNRATGVPARFSGSGSGTDFTLTISSLEPEDFAVYYCQYRSHWPPAVTFGGGTKVEIK	GGSISSYY	IYYSGST	ARDCSGFEDMDSFYYFMDV	QRLTSS	AAS	QYRSHWPPAVT
34.0|PCWilson_donor_150055-023	HA:Head	EVQLLESGGGLVKPGGSLRLSCAASGFTFSSFAINWVRQGPGKGLEWVSLISPSGGETYYADSVKGRLTISRDNSKNTVYLQMNRLRAEDTAVYYCAKTTTVEFFYYYGMDVWGQGTTVTVSS	QSVLTQPPSASGTPGQRVTISCSGSSSNLGSNSVNWYQRLPGTAPRLLLFSTTERPSGVPDRFSGSQSGTSASLAISGLQSEDESDYYCSAWDDSLNGIVFGGGTKLTVL	GFTFSSFA	ISPSGGET	AKTTTVEFFYYYGMDV	SSNLGSNS	STT	SAWDDSLNGIV
4306	HA:Head	QVQLQESGPGLVKPSETLSLTCTVSGDSISSGGFYWTWIRQHPGKGLEWIGYIYYTGSSYYNPSLKSRVSISVDTSKNQFSLKLSSVTAADTAVYFCARALVLSTPLVYFDPWGQGTLVTVSS	DIQMTQSPSSLSASVGDRVTITCQASQDISNYLNWYQEKPGKAPKLLIYDASNLETGVPSRFSGSGSGTDFTFTISSLQPEDIATYYCQQYDNLPSITFGQGTRLEIK	GDSISSGGFY	IYYTGSS	ARALVLSTPLVYFDP	QDISNY	DAS	QQYDNLPSIT
41.0|Lanzavecchia_donor_FISW	HA:Head	QVTLRESGPALVKPTQTLTLTCTFSGFSLSTSGMCVGWIRQPPGKALEWLALINWDDIKYYSTSLKTRVTISKDTPKNQVVLTMTNMDPEDTAMYYCARLRYGDFGRTFDYWGQGTLVTVSS	SYVLTQPPSVSVAPGQTATFTCNGNNIGLKGVHWYQQKPGQAPVLVVHDDSDRPSGIPARFSGSNSGNTATLTISRVEAGDEADYYCQVWESSSDHPVVLGGGTKLTVL	GFSLSTSGMC	INWDDIK	ARLRYGDFGRTFDY	NIGLKG	DDS	QVWESSSDHPVV
80.0|Lanzavecchia_donor_LPAF	HA:Head	QVTLRESGPALVKPTQTLTLTCTFSGFSLSTSGMCLTWIRRPPGKALEWLALIDWDDNKYYNTSLRTRLTISKDTSKNQVVLKVTDMDPVDTGTYYCARMLYGDLGGRFDPWGQGTLVTVSS	SYELTQPLSVSVALGQTARITCGGNNIGIKNVHWYQQRPGQAPVLVIYTDINRPSGIPERFSGSNSGNTATLIISKAQAGDEADYFCQVWDSNTVVFGGGTKLTVL	GFSLSTSGMC	IDWDDNK	ARMLYGDLGGRFDP	NIGIKN	TDI	QVWDSNTVV
H1N1_301-16-IgA-1G04_	HA:Head	QVQLVQSGAEVKKPGASVKVSCKTSGYSFSSYDINWVRQAPGQGLEWMGRMNPDGYETASAKKFRGRITMTGDASTSAAYMELSSLRSEDTALYFCARGRRVELFDHYYMDVWGTGITVTVSS	EIVMTQSPVTLYVSPGERATLSCRASQSIGNNLAWYQQKPGQTPRLLIYGASERGTGVPARFTGSGSGTDFALTISSLQSEDFAVYYCQQYDDWTFGQGTKVEMK	GYSFSSYD	MNPDGYET	ARGRRVELFDHYYMDV	QSIGNN	GAS	QQYDDWT
37.0|Melbourne_donor_W85	HA:Head	EVQLVESGGGVVQPGRSLRLSCVASGFTFSDCPMHWVRQAPGRGLEWVAFISFDGSNKNYADSVKGRFTISRDNSKNTLYLQMNSLRVEDTAVYYCARDRGLVVVDDTPDALDMWGQGTMVTVSS	DIQMTQSPSSLSASVGDRVIITCRASQGISNWLAWYQQKPEKAPKSLIYAASSLQSGVPSRFSGSGSGTDFTLTISSLQPEDFATYYCQQYSAYPLTFGGGTKVEIK	GFTFSDCP	ISFDGSNK	ARDRGLVVVDDTPDALDM	QGISNW	AAS	QQYSAYPLT
43.0|PCWilson_donor_240	HA:Head	QVQLVESGGGLVNPGGSLRLSCAASGFTFSDYYMTWIRQAPGKGLEWIAYISFSFSLTDYADSVKGRFTISRDNAKNSLYLQMNSLRAEDTAVYYCARALRYCSSNSCPESYYYYYGMDVWGQGTTVTVSS	QSVLTQPPSASGTPGQRVSISCSGGSSNIGSNTVTWYQQLPGTAPKLLIYSNNQRPSGVPDRFSGSKSGTSASLAISGLQSEDEADYYCATWDDSLDGWVFGGGTKVTVL	GFTFSDYY	ISFSFSLT	ARALRYCSSNSCPESYYYYYGMDV	SSNIGSNT	SNN	ATWDDSLDGWV
SFV018_2D01	HA:Head	EVQLVQSGAEVKKPGESLRISCKASGYSFTSSWINWVRQKAGKGLEWMGRLNPSDSYPNYSPSFQGHVTISADNSVTTAYLQWSSLKASDTAIYYCTRDSFYDVDLSSFYMDVWGKGTTVTVSS	EIVLTQSPGTLSLSPGERATLSCRASQSLSNSYLAWYQQKPGQAPRLLIYGASNRATGIPDRFSGSGSGTDFTLTISRLEPEDFAVFYCQQYGSSRHTFGQGTKVEIK	GYSFTSSW	LNPSDSYP	TRDSFYDVDLSSFYMDV	QSLSNSY	GAS	QQYGSSRHT
76.0|PCWilson_donor_047	HA:Head	EVQLLESGGALVQPGGSLRLSCTASGFTLGHFAMAWVRQAPGKGLEWLSAISGGGGTTYYADSVKGRFTISRDNSKNTLYLQLSGLRAEDTALYFCGKYDSSGHHYVRRMHFWGQGTLVTVSS	DIQMTQSPSSLSASVGDRVTITCRASQDINNNLNWYQQKPGKAPKLLMYDASNLEAGVPSRFSGTGSGTDFTFTISSLQAEDIATYYCQQYRNPLLTFGGGTKVEIK	GFTLGHFA	ISGGGGTT	GKYDSSGHHYVRRMHF	QDINNN	DAS	QQYRNPLLT
21.0|Melbourne_donor_W85	HA:Head	EVQLVESGGGVVQPGRSLRLSCAASGFTFSDYAMHWVRQAPGKGLEWVAFISSDGSNKYYADSVKGRFTISRDNSKNTLYLQMNSLRAEDTALYYCARDLCSTSSCYIDYWGQGTLVTVSS	QSALTQPASVSGSPGQSITISCTGTSSDVGGYNYVSWYQQHPGKAPKLMIYEVNNRPSGVSNRFSGSKSGNTASLTISGLQAEDEADYYCSSFTSRSTVVFGGGTKLTVL	GFTFSDYA	ISSDGSNK	ARDLCSTSSCYIDY	SSDVGGYNY	EVN	SSFTSSSTVV
130.0|Melbourne_donor_W85	HA:Head	EVQLVESGGGVVQPGRSLRLSCAASGFTFSSYALHWVRQAPGKGLEWVAVISYDASEKYYADSVKGRFTISRDKSKKTLYLQMNSLRAEDTAVYYCARSHFYYDSGDYWGQGTLVTVSS	NFMLTQPHSVSESPGKTVTISCTGSSGSIVSNYVQWYQQRPGRAPITVIYEYNQRPSGVPDRFSGSIDSSSNSASLTISGLKTEDEADYYCQSYDNSLWVFGGGTKLTVL	GFTFSSYA	ISYDASEK	ARSHFYYDSGDY	SGSIVSNY	EYN	QSYDNSLWV
C05	HA:Head	QVQLQESGGGLVQPGESLRLSCVGSGSSFGESTLSYYAVSWVRQAPGKGLEWLSIINAGGGDIDYADSVEGRFTISRDNSKETLYLQMTNLRVEDTGVYYCAKHMSMQQVVSAGWERADLVGDAFDVWGQGTLVTVS	DIQLTQSPSSLSASVGDRVTLTCQASQDIRKFLNWYQQKPGKGPKLLIYDASNLQRGVPSRFSGVDLGQISLSSSVACSLKDVGTYYCQQYDGLPFTFGGGTKLEIK	GSSFGESTLSYYA	INAGGGDI	AKHMSMQQVVSAGWERADLVGDAFDV	QDIRKF	DAS	QQYDGLPFT
95.0|PCWilson_donor_150055-008	HA:Head	EVQLVESGGALVQPGGSLRLSCTASGFSFRSYWMSWVRQAPGKGLEWVANINQQGSEKYSVDSVKGRLTISRDNAKSSLYLQMNSLRAEDTAVYYCARTGAYADTYYHYYGMDVWGQGTTVTVSS	SYELTQPPSVSVAPGQTARITCGGTNIGSDGVYWYQHKPGQAPVLVVYDDGDRPSGIPERFSGSNSGNTATLTISRVEAGDEADYYCQVWDVSSDEGVFGGGTKLTVL	GFSFRSYW	INQQGSEK	ARTGAYADTYYHYYGMDV	NIGSDG	DDG	QVWDVSSDEGV
54.0|PCWilson_donor_SFV015	HA:Head	QVQLVQSGAEVKKPGTSVKVSCKASGYIFSGSYIQWVRQAPGQGLEWMGRINPKTGGTNYAQKFQGRVTMTRDMSISTAYMELSRLISDDTAVYYCARDFDYGDYRGSAFDIWGQGAMVTVSS	DIQMTQSPSSLSASVGDRVTITCQTSQDFSNYLNWYQQKPGKAPKLLIHDTSKLETGVPSRFSGGGAGTYFTLTINGLQPEDIATYWCQQLNTFGPGTKVDIK	GYIFSGSY	INPKTGGT	ARDFDYGDYRGSAFDI	QDFSNY	DTS	QQLNT
240-14-IgA_2B03	HA:Head	EVQLVESGGGLVQPGGSLRVSCAASGFTFRNYEMNWVRQAPGKGLEWVAYISSSGSTLFYADSVKGRITVSRDNADKSLFLQMNSLRAEDTAVYYCARGNQEGVGELSSQGVFDNWGQGTMVTVSS	DIQMTQSPSSLSTSVGDRLTITCQASQDISNSLNWFQQKPGKAPKLLIYGASNLEPGVPSRFTGSGSGTDFTFTISTLQPEDIATYYCQQYDHLPYTFGPGTKVEIK	GFTFRNYE	ISSSGSTL	ARGNQEGVGELSSQGVFDN	QDISNS	GAS	QQYDHLPYT
119.0|Melbourne_donor_R95	HA:Head	EVQLVQSGADVKKPGESLKISCRGSGYSFTHYWIAWVRQMPGKGLEWMGMIYPGDSDTRYSPSFQGQVTISADKSISTAYLQWSSLKASDTAVYYCARFGYDEIGQYYDFDYWGQGTLVTVSS	EIVLTQSPATLSLSPGERATLSCRVSQSVSGYLAWYQQKSGQAPRLLIYDASNRAPGIPARFSGSGSGTDFTLTISSLEPEDFAVYYCQHRSSWPPIFTFGPGTKVDIK	GYSFTHYW	IYPGDSDT	ARFGYDEIGQYYDFDY	QSVSGY	DAS	QHRSSWPPIFT
1I20	HA:Head	EVQLVESGGGVVQPGGSLRLSCIASAFNLGIFGMHWVRQAPGKGLEWVAFIRYDGGKTFYADSVKGRFTISRDNSKNTLYLQMNSLRTEDTALYYCARDATADYYGPGSYPNWLDPWGQGTLVTVSS	DIRLTQSPATLSVSPGERATLSCRASHSVSRNLAWYQQKPGRAPRLLVYDTSSRATGIPARFSGSGSGTEFTLTISSLQSEDFAVYYCQQYNNWPRTFGQGTKVDIK	AFNLGIFG	IRYDGGKT	ARDATADYYGPGSYPNWLDP	HSVSRN	DTS	QQYNNWPRT
134.0|Canada_patients	HA:Head	ELRLHESGPGLVKPSGTLSLTCTVSGGSISGGSHYWAWIRQSPGKGLEWIGSIYYSGSTYDSPSLKSRLSMSVDKSKNQFHLTLRSVTAADTAVYFCAKHESDSSSWHTGWNWFDPWGQGTLVTVSS	QSVLTQPSSVSGAPGQRVTISCTGSYSNIGTGFDVHWYQHLPGKAPKLLIFGNNNRPSGVPDRFSGSKSGTSASLAITGLQPEDEGDYYCQSFDSSLSGSNVFGTGTKLTVL	GGSISGGSHY	IYYSGST	AKHESDSSSWHTGWNWFDP	YSNIGTGFD	GNN	QSFDSSLSGSNV
64.0|Melbourne_donor_W85	HA:Head	EVQLVESGGGLVQPGGSLRLSCAASGFTFSNYEMNWVRQAPGKGLEWVSYISNSGSVTFYADSVKGRFIISRDNAENSLHLQLNSLRAEDTAFYYCARAHMIYGDHVHLNAFDIWGQGTLVTVSS	QSALTQPASVSGSPGQSITISCTGTTSDVGGYNYVSWYQQHPGKAPKLIIYEVTNRPSGASNRFSGSKSGNTASLTISGLQAEDEAEYYCSSYTTYMTLLFGGGTKLTVI	GFTFSNYE	ISNSGSVT	ARAHMIYGDHVHLNAFDI	SSDVGGYNY	EVS	SSYTTYMTLL
150.0|Harrison_donors	HA:Head	EVQLVQSGAEVKKPGASVKVSCKASGYTFTDYHINWVRQAPGQGLEWMGWIHPNSGDTNYAQKFQGWVTMTRDTAISTAYMEVNGLKSDDTAVYYCARGGLEPRSVDYYYYGMDVWGQGTTVTVSS	SVLTQPPSVSVAPGQTARITCGGNDIGRKSVHWNQQKPGQAPVLVVCYDSDRPSGIPERFSGSNSGNTATLTISRVEAGDEADYYCQVWDSSSDHVIFGGGTKLTVL	GYTFTDYH	IHPNSGDT	ARGGLEPRSVDYYYYGMDV	DIGRKS	YDS	QVWDSSSDHVI
50.0|Melbourne_donor_W85	HA:Head	EVQLVESGGGLVQPGGSLRLSCAASGFTFSSYEMNWVRQPPGKGLEWVSYISNSGSVRFYANSVEGRFTISRDNAENSLYLQMNSLRVEDTAIYYCARSGVVYGDSPAVFFDPWGQGTLVTVSS	EIVMTQSPATLSVSPGERATLSCRASESVSSNLAWYQQKPGQAPRLLIYGASTRATGIPARFSGSGSGTEFTLTISSLQSEDFAVYYCQQYNNWPPYTFGQGTKLEIK	GFTFSSYE	ISNSGSVR	ARSGVVYGDSPAVFFDP	ESVSSN	GAS	QQYNNWPPYT
H3N2_229-14-2E06_	HA:Head	VQLVESGGGVVQPGRSLRLSCTASGFSFSTYAMHWVRQAPGKGLEWVGGISFEGRNKEFAHSVKGRFTISRDDSKNTLSLEMNNLRLEDTAVYYCVKGNDSPGDFYSTGWYYFDYWGQGTLVTVSS	EIVMTQSPATLSVSPGERATLSCTASQTINNNLAWYQQKPGQAPRLLIYGASTRATGIPGRFSGTGSGTEFTLTISSLQSEDFAVYYCQQYNDWPPWTFGQGTKVEIK	GFSFSTYA	ISFEGRNK	VKGNDSPGDFYSTGWYYFDY	QTINNN	GAS	QQYNDWPPWT
3.0|Crowe_donor_47	HA:Head	EVQLVESGGGLVQPGGSLRLSCVASTFSLINYWMTWVRQAPGKGLEWVANIKQDGFEKYYVDSVKGRFTISRDNAKNSLYLQMNSLRVEDTAVYYCARQGSYADTYFYHYGMDVWGQGTTVTVS	QSALTQPPSVSGAPGQRVTISCTGSSSNIGAGYDAYWYQQLPGTAPKLLIYGNSNRLSGVPDRFSASKSGTSASLAITGLQAEDEADYYCQSYDSSLSIFGGGTKLTVL	TFSLINYW	IKQDGFEK	ARQGSYADTYFYHYGMDV	SSNIGAGYD	GNS	QSYDSSLSI
16.0|Melbourne_donor_R95	HA:Head	EVQLVESGGGVVQPGRSLRLSCVASGFTFGSYGLHWVRQTPGKGLEWVAFISYDGYDKTYADSVKGRFTISRDTSKNTLYLQMNSLRVEDTALYYCARVFESYFFDYWGQGTLVAVSS	QSALTQPASESGSPGQSITISCTGTSSDVGRYNLVSWFQQHPGKAPKLMIYEDNERPSGVSSRFSGSKSGNTASLTISGLQAEDEADYYCCSYAGSDTWVFGGGTKLTVL	GFTFGSYG	ISYDGYDK	ARVFESYFFDY	SSDVAKYNL	EDS	CSFAGSDTWV
22.0|Crowe_donor_269	HA:Head	QELLVESGGGVVQPGRSLRLSCVGSGFTFRTYGMHWVRQAPGKRPEWVALISNDGSNEYYADSVKGRFTISRDNSRNTLYLQMNSLTVADTAVYYCAKFIPDPNYGEYYFHHWGQGTLVTVSS	DIQMTQSPSSLSASVEDRVTITCRASQSINKYLNWYQQKPGKAPKLLIYAADNLQDGVPSRFSGSGSGTDFTLTITSLQPEDFATYYCQQSYSIPPTFGHGTKVEIK	GFTFRTYG	ISNDGSNE	AKFIPDPNYGEYYFHH	QSINKY	AAD	QQSYSIPPT
126.0|Melbourne_donor_W85	HA:Head	EVQLVESGGALVKPGGSLRLSCAASGFTFSVYDMNWVRQAPGKGLEWVSSIRRNTPYLFYADSVRGRFTVSRDNAKNSLYLQMHSLRAEDTAVYYCTRDASGYDFDYWGQGALVTVSS	QSALTQPASVSGSPGQSITISCTGTRSDIGEYNYVSWYQQHPGKVPKLVIYEVNNRPSGISNRFSGSKSGNTASLTVSGLQAEDEADYYCSSYTTSGTLVFGAGTKVTVL	GFTFSVYD	IRRNTPYL	TRDASGYDFDY	RSDIGEYNY	EVN	SSYTTSGTLV
40.0|Lanzavecchia_donor_FISW	HA:Head	QVTLRESGPALVKPTQTLTLTCTFSGFSLTTSGMCVTWIRQPPGKALEWLALIDWDDGKYYSTSLKARLTISKDTSRNQVVLTMTNMDPVDTATYYCARSLYGDTLFYFDSWGQGTLVTVSS	SYVLTQPPSMSVAPGKTARITCGGNNIGSKNVHWYQQKPGQAPVLVIYYDSDRPSGIPERFSGSNSGNTATLTISRVEAGDEADYYCQVWDSSSDHYVFGIGTKVTVL	GFSLTTSGMC	IDWDDGK	ARSLYGDTLFYFDS	NIGSKN	YDS	QVWDSSSDHYV
113.0|Melbourne_donor_K77	HA:Head	EVQLVESGGGVVRPGGSLRLSCAASGFTFDEYGMNWVRQAPGKGLEWVSSINWHGNSRDYSDSVKGRFTISRDNAKNSLYLQMNSLRAEDTALYYCARARRASSSMDYYYYYGMDVWGQGTTVTVSS	DIQMTQSPSSLSASVGDRVTMTCQASQDIKNYLNWYQQRPGKAPKLLIYDASNLETGVPSRFSGSGSATHFSFTINSLQPEDVATYYCQQHDDLPLTFGGGTRVGIK	GFTFDEYG	INWHGNSR	ARARRASSSMDYYYYYGMDV	QDIKNY	DAS	QQHDDLPLT
8.0|Donor_H	HA:Head	QVQLVQSGVEVKKPGASVKVSCKASGYSFTNYGINWVRQAPGQGLEWMGWIIVYSDKPHYAQRFQGRVTMTIDTSTSTAYMELRSLRSDDTAVYYCAREDWSYGDSYYNGMDVWGQGTTVTVSS	EIVLTQSPATLSLSPGERATLSCRASQSVSNYLAWYQQKPGQAPRLLIYDASNRATGIPARFSGGGSGTDFTLTISSLEPEDVAVYYCQQRTNWPPASFGGGTKVEIK	GYSFTNYG	IIVYSDKP	AREDWSYGDSYYNGMDV	QSVSNY	DAS	QQRTNWPPATF
SFV020_2C05	HA:Head	QLQLQESGPGLVKPSETLSLTCTVSGGSISNNIYYWTWIRQPPGKGLEWIGSIYYSGNIYYNPSLKSRVTISVDTSKNQFSLKLRSVTAADTAVYYCARHRVGTGPEVGDWFDPWGQGTLVTVSS	EIVMTQSPATLSVSPGERATLSCRASQSVSSNLAWYQQKPGQAPRLLIYDASTRATGIPARFSGSGSGTEFTLTISSLQSEDFAVYYCQQYNSWPPMYTFGQGTKVEIK	GGSISNNIYY	IYYSGNI	ARHRVGTGPEVGDWFDP	QSVSSN	DAS	QQYNSWPPMYT
82.0|Crucell_donors	HA:Head	EVQLVQSGAEVKKPGASVRVSCRASGYIFTESGITWVRQAPGQGLEWMGWISGYSGDTKYAQKLQGRVTMTKDTSTTTAYMELRSLRYDDTAVYYCARDVQYSGSYLGAYYFDYWSPGTLVTVS	SYVLTQPPSASGTPGQRVTISCSGSSSNIGTNYVYWYQQFPGTAPKLLIYRSYQRPSGVPDRFSGSKSGSSASLAISGLQSEDEADYYCATWDDSLNGWVFGGGTKLTVL	GYIFTESG	ISGYSGDT	ARDVQYSGSYLGAYYFDY	SSNIGTNY	RSY	ATWDDSLNGWV
H1N1_294-16-IgG-1F05_	HA:Head	QVQLQESGPGLVKPSETLSLTCTVSGVSISSRLYYWGWVRQPPGKGLEWIGTIHYSGITYYSPSLKSRVIISIDTSKNQFSLRLSSVTAADRAVYYCARLDRFWEGEHYAMDVWGQGTTVTVSS	SYELTQPPSVSVSPGQTATITCSGENLGDKYGCWYQQKPGQSPVLVIYQDDQRPSGIPARFSGSNSGNTVTLTISGTQAIDEADYYCQACDTSTVVFGGGTKLTVL	GVSISSRLYY	IHYSGIT	ARLDRFWEGEHYAMDV	NLGDKY	QDD	QACDTSTVV
57.0|1974_donor	HA:Head	QVQLVQSGDEVKRPGASVKVSCKTSGYTFTGYGFSWVRQAPGQGLEWMGWINAYDGNTNYARKFQGRVTMTTHAGTSTVYMDLRSLRSDDTAVYYCGRVEGVRGVMGYHFYPMDVWGQGTTVTVS	QSVLTQPPSVSGAPGQRVTISCTGSSSNIGAGYDVHWYQQLPGTAPKLLIYGNSNRPSGVPDRFSGSKSGTSASLAITGLQAEDEADYYCQSYDSSLSGSVFGTGTKVTVL	GYTFTSYG	INAYDGNT	ARVEGVRGVMGYHYYPMDV	SSNIGAGYD	GNS	QSYDSSLSGSV
108.0|PCWilson_donor_SFV019	HA:Head	EVQLVESGGGLVKPGGSLRLSCAASGFIFSDYTMNWVRQVPGKGLEWVSSISSYSGYIYYADSVKGRFTLSRDNAKKSLYLQMNNLRAEDTAVYYCAKDRVRDGDNDWDSVDATYWGYGVFDTSGQGTMVTVSS	DIVMTQSPDSLAVSLGERATINCKSSQSVLYGSNNKNYFAWYQQKPGQPPKMLIYWASTRESGVPDRFSGSGSGTDFTLTISSLQAEDVAVYYCQQHYRIPQTFGQGTKVEIK	GFIFSDYT	ISSYSGYI	AKDRVRDGDNDWDSVDATYWGYGVFDT	QSVLYGSNNKNY	WAS	QQHYRIPQT
96.0|PCWilson_donor_150055-015	HA:Head	EVQLVESGGGLVQPGRSLRLSCVASGFTFDDYAMHWVRQAPGKGLEWVSGINWISSSIGYADFVKGRFTISRDNAKNSLYLQMNSLRAEDSALYYCAKDRRDSSSVDYYWHYGMDVWGQGTTVTVSS	DIQMTQSPSSLSASVGDRVTITCQASQDISNYLNWYQHKPGKAPRLLIYDASNLETGVPSRFSGSGSGTDFTFTISSLQPEDIATYYCQQFDNLPLTFGGGTKVEIK	GFTFDDYA	INWISSSI	AKDRRDSSSVDYYWHYGMDV	QDISNY	DAS	QQFDNLPLT
88.0|PCWilson_H7N9_vaccinees	HA:Head	QVQLVQSGAEVKKPGASVKVSCKASGYIFTNNYMHWVRQAPGQGLEWMGIINPNTGSTDYAQKFQGRVTMTRDTSTSTVYMELSSLRSEDTAVYYCARDQRYPQGPFDYGEFYGDWFDPWGQGTLVTVSS	QSVLTQPPSVSGAPGQRVTISCTGSSSNIGASYDVHWYQQLPGTAPKLLIYHNSNRPSGVPDRFSGSRSGTSASLAITGLQAEDEADYYCQSYDSSLSGWVFGGGTKLTVL	GYIFTNNY	INPNTGST	ARDQRYPQGPFDYGEFYGDWFDP	SSNIGASYD	HNS	QSYDSSLSGWV
26.0|Harrison_donor_TIV01	HA:Head	QVQLQESGPGLVKPSGTLSLTCAVSGGSISSSNWWTWVRQPPGKGLEWIGEISHGGGTNYNPSLKSRVTISVDKSKNQFSLRLSSVTAADTAVYYCARAPPYCTSASCPDDYYYHYMDVWGKGTTVTVSS	SSELTQDPAVSVALGQTVRITCQGDSLRGYSASWYQLKPGQAPVLVIYGKNNRPSGIPDRFSGSTSGNRASLIITGAQAEDEADYYCNSRDTNGYRPVLFGGGTKLTVL	GGSISSSNW	ISHGGYT	ARAPPYCTSASCPDDYYYFYMDV	SLRGYY	GKN	NSRDTNGNHPVL
120.0|Melbourne_donor_R95	HA:Head	EVQLVESGGGLVQPGGSLRLSCAASGFTFSSYWMNWVRQAPGKGLEWVANIKQDGSEKDYVESVKGRFTISRDNAKNSVFLQMNSLRAEDTAVYYCARDTFYEYWNRYYTYYYGMDVWGQGTTVTVSS	DIQLTQSPSFLSASVGDRVIITCRASQDISSYLGWYQQKPGKAPQLLIFAASTLYTGVPSRFSGSGSGTEFTLTISSLQPEDFATYYCQHLKTYPRPFGQGTKVEIK	GFTFSSYW	IKQDGSEK	ARDTFYEYWNRYYTYYYGMDV	QDISSY	AAS	QHLKTYPRP
SFV009_3F05	HA:Head	EVQLVESGGTVVQPGGSLRLSCVASEYTFRNYWMSWVRQAPGKGLEWVGNINQDGSEKYYVDSVKGRFTISRDNAKNSLFLQMNSLRVADTAVYYCARAGSYGDYRPINNWFDPWGRGTLVTVSS	DIQMTQSPSTLSASVGGRVTITCRASQSISFSLAWYQQKPGKAPELVIYQTSNLKSGVPSRFSGSGSGTQFTLTISSLQPEDFATYYCQHYSNYSYTFGQGTKVEIK	EYTFRNYW	INQDGSEK	ARAGSYGDYRPINNWFDP	QSISFS	QTS	QHYSNYSYT
114.0|Melbourne_donor_K77	HA:Head	LVQLQESGPGLVKPSETLSLTCTVSGGSISSHYWSWIRQPPGKGLEWIGYIYDSGKTNHNPTLKSRVTISADTSKNQFSLKLSSVTAADTAVYYCASARRYCSSTSCYGLEYYFGMDVWGQGTTVTVSS	SYELTQPPSVSVSPGQTARITCSGESLPKQYGYWYQQKPGQAPVLVIYKDIERPSGIPERFSGSSSGTTVTLTISRVQAEDEADYYCQSADSNTTYLIFGGGTKLTV	GGSISSHY	IYDSGKT	ASARRYCSSTSCYGLEYYFGMDV	SLPKQY	KDI	QSADSNTTYLI
110.0|Melbourne_donor_K77	HA:Head	EVQLVESGGGVVQPGRSLRLACVASGFTFNRHAMHWVRQAPGKGLEWVAVISYDGTNKYYADSVKGRCTISRDNSKNTLYLQMNSLRGEDSAVFYCARVVTENVYYSGMAVWGQGTTVTVSS	QSALTQPASVSGSPGQSIAISCTGTSSDIGDYNFVSWYQQHPGKAPKLIISGVNDRPSGVSHRFSGSKSGYTASLTISGLQADDEADYYCSSYSDSSTHYVFGTGTKVTVL	GFTFNRHA	ISYDGTNK	ARVVTENVYYSGMAV	SSDIGDYNF	GVN	SSYSDSSTHYV
16.0|Melbourne_donor_K77	HA:Head	EVQLVESGGGVVQPGRSLRLSCAASGFTFSSYGMHWVRQAPGKGLEWVAFISYDGSDKYYADSVKGRFTISRDKSKNTLYLQMNSLRAEDTAVYYCARVMDSYYFDYWGQGTLVTVSS	QSALTQPASVSGSPGQSITISCTGTSSDVGNYDLVSWYQHHPGKAPKLIIYEVTERPSGVSNRFSGSKSGNTASLTISGLQAEDEADYYCCSYAPDNTWVFGGGTKVTVL	GFTFSSYG	ISYDGSDK	ARVMDSYYFDY	SSDVGNYDL	EVT	CSYAGTNTWV
24.0|VRC_310_cohort_donor_16	HA:Stem	QVQLVQSQTEVKKPGASVKVSCKASGYTFTRFGISWVRQAPGQGLEWMGWISGYTGDTNYARRFQGRLTMTTDTSTSTAYMELRSLRSDDTAIYYCARNRVQMEVSPATQSTWYMDLWGRGTLVSVSS	DIQMTQSPSSLSASVGDRVTITCRASQDISRWLAWYQQKPGKAPGLLIYAASPLQSGVPSRFSGRGSGTDFTLTINSLQPEDFATYYCQQGSTFPYTFGQGTKVEI	GYTFTRFG	ISGYTGDT	ARNRVQMEVSPATQSTWYMDL	QDISRW	AAS	QQGSSFPYS
V3-1G10	HA:Stem	QVQLVQSGAEVKKPGSTVKVSCEASGVTFNHYTVSWVRQAPGQGLEWMGGIIPLFGTADYAQKFQDRVTITADRSTGTAYMELSSLRPEDTALYYCARSGTTKTRYNWFDPWGQGTTVTVSS	EIIMTQSPATLSLSPGERVTLSCRASQSVGTNLAWYQQKPGQAPRLLIFGASTRATGIPARFSGSGSETEFTLSISSLQSEDFAVYYCQHYNNWPPYTFGQGTKLEIK	GVTFNHYT	IIPLFGTA	ARSGTTKTRYNWFDP	QSVGTN	GAS	QHYNNWPPYT
CR6329	HA:Stem	EVQLVQSGAEVKKPGSSVKVSCKASGGIFRSNSISWVRQAPGQGLEWMGGIFALFGTTDYAQKFQGRVTITADESSTTVYLELSSLTSEDTAVYYCARGSGYTTRNYFDYWGQGTLVTVS	EIVLTQSPGTLSLSPGERATLSCRASQSVSSNYLGWYQQKPGQAPRLLIYGASSRASGIPDRFSGGGSGTDFTLTISRLEPEDFAVYYCQQYGSSPLTFGGGTKVEIK	GGIFRSNS	IFALFGTT	ARGSGYTTRNYFDY	QSVSSNY	GAS	QQYGSSPLT
SFV009_3D04	HA:Stem	EVQLLESGGGLVQPGASLRLSCAASGFSFKDYALSWVRQAPGKGLEWVSHISGSGLSTYYADSVKGRFTISRDNSKNTVYLQMNSLRAEDTAVYFCAKDRVVGRPWEYSLDFWGQGTLVTVSS	EIVMTQSPATVSVSPGERATLSCRASQSVNSDLVWYQQKPGQAPRLLIYGASIRATGIPARFSGSGSGTEFTLTISSIQSEDFAVYYCQQYNNWPPLTFGGGTKVEIK	GFSFKDYA	ISGSGLST	AKDRVVGRPWEYSLDF	QSVNSD	GAS	QQYNNWPPLT
A66	HA:Stem	KKPGSSVKVSCKASGGPFSMTAFTWLRQAPGQGLEWMGGISPIFRTPKYAQKFQGRVTITADESTNTANMELTSLKSEDTAVYYCARTLSSYQPNNDAFAIWGQGTM	EIVLTQSPATLSLSPGERATLSCRASQSVSSYLAWYQQKPGQAPRLLIYDASNRATGIPARFSGSGSGTDFTLTISRLEPEDFAVYFCQQYGSSPQFGQGTRLEIK	GGPFSMTA	ISPIFRTP	ARTLSSYQPNNDAFAI	QSVSSY	DAS	QQYGSSPQ
H3N2_229-14-2F03_	HA:Stem	VQLVESGGGVVQPGTSLRLSCATSGFTFRSYGMHWVRQAPGKGLEWLAVVWYDGSNKYYADSVKGRFTISRDNSKNTMYLQMNSLTAEDTAVYYCARDRNNDYSFRYHGMDVWGQGTTVTVSS	QSVLTQPPSVSGAPGQRVTISCTGSSSNIGTGYDVHWYQQLPGTAPKLLIYGYNSRPSGVPDRFSGSRSGTSASLAITGLQAEDEADYYCQSFDNRLRAVVFGGGSKLTVL	GFTFRSYG	VWYDGSNK	ARDRNNDYSFRYHGMDV	SSNIGTGYD	GYN	QSFDNRLRAVV
35.0|Donor_H	HA:Stem	EVQLVQSGAEVKKPGSSVKVSCKPSGGIFNSYGITWVRQAPGQGLEWMGGIIAIFRTTKYAQKFQGRVTISADESMNTVYLELSSLRSDDTAVYYCARGPTYYNSYMDVWGKGTTVTVSS	EIVLTQSPGTLSLSPGERATLSCRVSQSLRSNNLAWYQQKPGQAPRLLIHGASTRATGIPDRFSGSGSGTEFTLTISRLEPEDFAVYYCQQYGTSPQTFGQGTKVEIK	GGIFNSYG	IIAIFRTT	ARGPTYYNSYMDV	QSLRSNN	GAS	QQYGTSPQT
CR6344	HA:Stem	QVQLVQSGAEVKKPGSSVRVSCKASGSIFRNYAMSWVRQAPGQGLEWMGGIIAIFGTPKYAQKFQGRVTITADESTSTVYMELSGLRSEDTAMYYCARIPHIILVGSYFDYWGQGTLVT	TVLTQPPSVSGAPGQRVTISCTGSSSNIGAGYDVHWYQQLPGTAPKLLIYGNSNRPSGVPDRFSGSKSGTSATLGITGLQTGDEADYYCGTWDSSLSAYVFGTGTKVTVL	GSIFRNYA	IIAIFGTP	ARIPHIILVGSYFDY	SSNIGAGYD	GNS	GTWDSSLSAYV
148.0|Crucell_donors	HA:Stem	QVQLQQSGAEVKKPGSSVKVSCKVSGVIFSGSAISWVRQAPGQGLEWMGGISPLFGTTNYAQKFQGRVTITADQSTNTTYMEVNSLRYEDTAVYFCARGPKYYSEYMDVWGKGTTVTVS	DIQMTQSPSSLSASVGDRVTITCRASQGISSYLAWYQQKPGKVPTLLIYDASTLRSGVPSRFSGSGSATDFTLTISSLQPEDVATYYCQRYNSAPPITFGQGTRLEIK	GVIFSGSA	ISPLFGTT	ARGPKYYSEYMDV	QGISSY	DAS	QRYNSAPPIT
100.0|Donor_H	HA:Stem	EVQLLESGGNLVQPGGSLRLSCAASGFIFSNYALTWVRQAPGKGLEWVSSVTGGGSSTYYAGSLKGRFTISRDNSKNMLYLQMNSLRPEDTAVYYCAKSAETQYFYDSNGYAYWGRGTLVTVSS	EIVMTQSPATLSVSPGERATVSCRASQSVSTNLAWYQQKPGQAPRLLIFGTSSRTTGIPARFSGSGSGTEFTLTISSLQSEDFAVYYCQQYNDWPRTFGQGTKVEIK	GFIFSNYA	VTGGGSST	AKSAETQYFYDSNGYAY	QSVSTN	GTS	QQYNDWPRT
H1N1_301-16-IgG-2B04_	HA:Stem	QVQLVQSGAEVKKPGSSVKISCKISGGIFNSNAIGWVRQAPRQGLEWMGKITAVFATAHYAQKFQGRASITADASTNTVYMELRSLRPDDTAIYYCARDRSSYYGLDAFEIWGQGTMVTVSS	EIVLTQSPGTLSLSPGERATLSCRASQSVSSNSLAWYQQKPGQAPRLLIYGASSRATGIPDRFSGIGSGTDFTLTINRLEPEDFAVYFCHQYGSSQTFGQGTKVEIK	GGIFNSNA	ITAVFATA	ARDRSSYYGLDAFEI	QSVSSNS	GAS	HQYGSSQT
D2_H1-1_H3-1	HA:Stem	QVQLVQSGGGLVRPGGSLRLSCAASGFTFSSAWMTWVRQAPGKGLEWVANIKEDGSEKYYVDSVKGRFSISRDNAKNSLYLQISSLRAEDTAVYYCARRFVERLWGQSKPYDAVDIWGQGTMVTVSG	DIQMTQSPSSLSASVGDRVTITCRASQSISNYLNWYQQKPGKAPKLLIYVASNLQSGVPSRFSGSGSGTDFALTISSLQPEDFASYYCQQSYSPVTTFGGGTKVEIK	GFTFSSAW	IKEDGSEK	ARRFVERLWGQSKPYDAVDI	QSISNY	VAS	QQSYSPVTT
149.0|Genentech_donors	HA:Stem	QVQLVQSGGGVVQPGKSPRLSCAASGPTFSSYAVHWVRQAPGKGLEWVTLISYDGANQYYADSVKGRFTISRDNSKNTVYLQMNSLRPEDTAVYYCAVPGPVFGIFPPWSYFDNWGQGILVTVSS	EIVLTQSPATLSVSPGERATLSCRASQVISHNLAWYQQKPGQAPRLLIYGASTRASGIPARFSGSGSGTDYTLTITSLQPEDFAVYYCQHYSNWPPRLTFGGGTKVEIK	GPTFSSYA	ISYDGANQ	AVPGPVFGUFPPWSYFDN	QVISHN	GAS	QHYSNWPPRL
132.0|VRC_donor_429	HA:Stem	QVHLVQSGAAVKKPGASVKVSCKASGYTFTTYGISWVRQAPGQGLEWMGWISAYTGNTNYAQNVQDRVTLTTDTSTSTAYMELRSLRSDDTAVYYCARSKVQGRVEAATGWFDPWGQGTLVTVSS	SISLSLSPGERATLSCRASQPVGSSYVAWYQHKPGQAPRILIYGASRTATGIPDRFSGRGSGTDFTLTISRLEPEDFAMYYCQKYGDLPPVTFGQGTRLEIK	GYTFTTYG	ISAYTGNT	ARSKVQGRVEAATGWFDP	QPVGSSY	GAS	QKYGDLPPVT
1130	HA:Stem	QVQLLQSGAEVKKPGASVKVSCKASGYSFSNFAMQWVRQAPGQRLEWMGWINAANGNTKYSQKFQGRLTVTRDTSATTVYMELSRLRSEDTAVYYCARGAPTDDFWSAYYPNGMDVWGQGTTVTVSS	DVVMTQSPLSLPVTLGQPASISCRSSQGLVYSDGNTYLSWFHQRPGQSPRRLIYKVSNRDSGVPDRISGGGSGTDFTLEISGVEAEDVGIYYCMQGTYWPLTFGGGTKVEIK	GYSFSNFA	INAANGNT	ARGAPTDDFWSAYYPNGMDV	QGLVYSDGNTY	KVS	MQGTYWPLT
87.0|PCWilson_donor_296	HA:Stem	QVQLVQSGAEVKKPGSSVKVSCKASGGTFSSYAFSWVRQAPGQGLEWVGGILGMLGTVNYAQKLQGRVTITTDEFTSTAYMELSSLRSEDTAVYFCARASGYYDNYFDYWGQGTLVTVSS	EIVMTQSPATLSVSPGERTTLSCRASQSVSSDLAWYQQKPGQAPRLLIYGASTRATGVPARFGGSGSGTEFTLTISSMQSEDFAVYYCHQYNTWPRAFGGGTKVEIK	GGTFSSYA	ILGMLGTV	ARASGYYDNYFDY	QSVSSD	GAS	HQYNTWPRA
53.0|PCWilson_donor_236	HA:Stem	EVQLLESGGGLVQPGGSLRLSCAASGFSFSGYAMHWVRQVPGKGLEWVSSISGSGGSTYYADSVKGRFTISRDNSKNTLYLQLNSLRAGDTAVYSCAKDRVVPTALHGYLDSWGQGTLVTVSS	EIVLTQSPATLSLSPGERATLSCRASQSVSTYLAWYQQKPGQAPRLLIYDASNRATGIPARFSGSGSGTDFTLTISSLEPEDFAVYYCQQRSNWPPITFGQGTRLEIK	GFSFSGYA	ISGSGGST	AKDRVVPTALHGYLDS	QSVSTY	DAS	QQRSNWPPIT
CR6343	HA:Stem	QVQLVQSGAEVKKPGSSVKVSCKASGVTFSYYAMSWVRQAPGQGLEWMGGISPMFGTTTYAQKFQGRVTIMRTTPRVQPTWR*GA*DLRTRPCITVRDLRITMIVYMTTGAREPWSPS	QSVVTQPPSESVAPGQTARITCGGHNIGSNSVHWYQQKPGQAPVLVVYDNSDRPSGIPERFSGSNSGNTATLTISRVEAGDEADYYCQVWGSSSDHYVFGTGTKVTVL	GVTFSYYA	ISPMFGTT	RDLRITMIVYMTT	NIGSNS	DNS	QVWGSSSDHYV
G17	HA:Stem	KKPGASVKVSCKTSGVTFSSYAISWVRQAPGQGLEWMGGIIGVFGVPKYAQKFQGRVTITADKPTSTAYMELSSLRSEDTAVYYCAREPGYYVGKNGFDVWGQGTM	SYELTQPPSVSKGLRQTAILTCTGDSNNVGHQGTAWLQQHQGHPPKLLSYRNGNRPSGISERFSASRSGNTASLTIIGLQPEDEADYYCSVWDSSLSAWVFGGGTKLTVL	GVTFSSYA	IIGVFGVP	AREPGYYVGKNGFDV	SNNVGHQG	RNG	SVWDSSLSAWV
Mab3.1	HA:Stem	QVQLVQSGGGVVQPGRSLRLSCAASEFTFRMYATHWVRQAPGKGLEWVALISYDGSNKYYADSVKGRFTISRDNSMNTVYLQMNTLRPEDTAVYYCARDLGGYFIRGIMDVWGQGTLVTVSSASTKGPSVFPLAPSSGGTAALGCLVKDYFPEPVTVSWNSGALTSGVHTFPAVLQSSGLYSLSSVVTVPSSSLGTQTYICNVNHKPSNTKVDKRVEPK	ELQMTQSPSSVSASVGDRVTITCRASQGISSWLAWYQQKPGKAPKLLIYAASSLQSGVPSRFSGSGSGTDFTLTISSLQPEDFATYYCQQANSFPLTFGGGTKVEIKRTVAAPSVFIFPPSDEQLKSGTASVVCLLNNFYPREAKVQWKVDNALQSGNSQESVTEQDSKDSTYSLSSTLTLSKADYEKHKVYACEVTHQGLSSPVTKSFNRGEC	EFTFRMYA	ISYDGSNK	ARDLGGYFIRGIMDV	QGISSW	AAS	QQANSFPL
67.0|VRC_310_cohort	HA:Stem	QVQLQQWGAGLLKPSETLSLTCAVYGGSFSGYYWSWVRQPPGKGLEWIGEINHSGSTNYNPSLKSRVTISVDTSKNQFSLKLKSLTAADTAVYYCARGDRVSRKIQLRYFEWQTVVSAEYLQYWGQGTLVTVSS	TLSLSPGERATLSCRASQSVSSSSLAWYQQKPGQAPRLLIYGASSRATGIPDRFSGSGSGTDFTLTISRLEPEDFAVYFCQQSDSSPVTFGRGTKLEIK	GGSFSGYY	INHSGST	ARGDRVSRKIQLRYFEWQTVVSAEYLQY	QSVSSSS	GAS	QQSDSSPVT
D1_H1-17_H3-14	HA:Stem	QVQLQESGPGLVKPSESLSLTCSVSGGSVSSNLHYWSWIRQLPGKGLEWIGYISYTGSTKYNPSLNGRVTLSIDASKNQFSLELSSVTAADTAVYYCARDFFEKLIADDLNAFDIWGQGTMVTVSG	DIRVTQSPSSLSASVGDRVTITCRASQSISRSLNWYQQRPGKAPKFLIYAASNLQSGVPSRFSGGGSGTDFTLTISSLQPEDFATYYCQETYSRTFGQGTKADIK	GGSVSSNLHY	ISYTGST	ARDFFEKLIADDLNAFDI	QSISRS	AAS	QETYSRT
3809	HA:Stem	QVQLVQSGAEVKKPGSSVKVSCKASGVIFNSNAISWVRQAPGQGLEWVGGIVAIFGTPKYAQKFQGRVTLTADQSTSTVYMELSSLRSEDTAIYYCAREAGYYSGSYYELWGQGTLVTVSS	EIVLTQSPGTLSLSPGERATLSCRASQSVSSSYLVWYQQKPGQAPRLLIYGASSRATGIPDRFSGSGSGTDFTLTISRLEPEDFAVYYCQQYGSSPRYTFGQGTRLEIK	GVIFNSNA	IVAIFGTP	AREAGYYSGSYYEL	QSVSSSY	GAS	QQYGSSPRYT
CS3V	HA:Stem	QVQLVQSGAEVKKPGSSVKVSCKTSGGVFSTYVISWVRQAPGQGLEWMGRIIPMIGISHYEQRFQGRLTITADKSTSTAYMELTSLRSEDTAEYYCTRRDKSEAVAGKTYHYFGLDVWGQGTTVTVSS	QSVLTQPPSVSAAPGQKVTISCSGSSSNIGKNYVSWYQQFPGTAPKLLIYDNNKRPSGIPDRFSGSKSGTSATLGITGLQTGDEADYYCGTWDNTLSAVVFGGGTKVTVL	GGVFSTYV	IIPMIGIS	TRRDKSEAVAGKTYHYFGLDV	SSNIGKNY	DNN	GTWDNTLSAVV
SFV009_3A01	HA:Stem	RLQLQESGPGLVKPSETLSLTCTVSGGSITSNTYYWGWIRQPPGKGLESIGSISFSGRTYYSPSLKSRVTMSVDTSKNQFSLKLSSVTAADTAFYYCARQLTGMVYAILLPSYFDFWGQGTLVTVSS	DIQMTQSPSTLSASVGDRVTITCRASQSIGSWLAWYQQKPGKAPKLLIYKASTLESGVPSRFSGSGSGTEFTLTISSLQPDDLATYYCQQHNSYSGAFGQGTKVEIK	GGSITSNTYY	ISFSGRT	ARQLTGMVYAILLPSYFDF	QSIGSW	KAS	QQHNSYSGA
D8	HA:Stem	KKPGSSVKVSCKASGGTFSAYAFTWVRQAPGQGLEWMGGIIGMFGTANYAQKFQGRVTITADELTSTAYMELSSLTSEDTALYYCGLYYYESSFDYWGQGTL	QSVLTQPPSASGSPGQSVTISCTGTSSDVGGYNSVSWYQQHPGKAPKLMIYEVTKRPSGVPDRFSASKSGNTASLTVSGLQAEDEADYFCCSYAGHSAYVFGTGTKVTVL	GGTFSAYA	IIGMFGTA	ARGLYYYESSFDY	SSDVGGYNS	EVT	CSYAGHSAYV
V3-2G6	HA:Stem	QVQLEQSGAEVKRPGSSVKVSCQTSGGTFSSFAFSWVRQAPGQGLEWVGGIIGMFGTTSYAQKFQGRVTISADESTSTAYMELSSLRSDDTAIYYCARGKKYYHDTLDYWGQGTLVTVSS	EIVLTQSPGTLSLSPGERATLSCRASQIVSSSQLAWYQHKPGQAPRLLIYAASSRATGIPDRFSGSGSGTDFTLTISRLEPEDFAVYYCQQYGTSHAFGQGTKLEIK	GGTFSSFA	IIGMFGTT	ARGKKYYHDTLDY	QIVSSSQ	AAS	QQYGTSHA
81.0|Lanzavecchia_donor_FISW	HA:Stem	QVQLVESGGGVVQPGRSLRLSCAASGFTFSTYAMHWVRQAPGKGLEWVAVISYDGNYKYYADSVKGRFTISRDNSKNTLYLQMNSLRAEDTAVYYCAKDSQLRSLLYFEWLSQGYFDPWGQGTLVTV	DIVMTQSPDSLAVSLGERATINCKSSQSVTFNYKNYLAWYQQKPGQPPKLLIYWASTRESGVPDRFSGSGSGTDFTLTISSLQAEDVAVYYCQQHYRTPPTFGQGTKVEIK	GFTFSTYA	ISYDGNYK	AKDSQLRSLLYFEWLSQGYFDP	QSVTFNYKNY	WAS	QQHYRTPPT
SFV009_3G01	HA:Stem	QVQLVESGGGVVQPGRSLRLSCAASGFTFRIYAMHWVRQAPGKGLEWVAVISNEGTNKYYADSVKGRFTISRDNSKNTLYLQMNSLRPEDAAVYYCARDPSNPPHWGNFDSWGQGTLVTVSS	EIVLTQSPGTLSLSPGERATLSCRASESVSSYLAWYQKKPGQAPRLLIYDASHRATGIPARFSGSGSGTDFTLTISSLESEDFGVYYCQQRSNWPPITFGQGTRLEIK	GFTFRIYA	ISNEGTNK	ARDPSNPPHWGNFDS	ESVSSY	DAS	QQRSNWPPIT
H1N1_294-16-IgA-1E04_	HA:Stem	QLQLLESGPGLVKPSETLSLTCTVSGGSIRSTSHYWGWIRQPPGKGLEWIGRIYYSGTTDYNPSFKSRVAISVDKFSNQFSLSLHSVTAADTAVYFCARIAYYEFISQSEPYYFDNWGQGTLVTVSS	EIVLTQSPGTLSLSLGERATLSCRASQSIRRNYLVWYQQKPGQAPRLLIYGASSRATGIPDRFSGSGFGTDFTLSINGVEPEDFAVYYCQQYGSSPLYTFGQGTKVEIK	GGSIRSTSHY	IYYSGTT	ARIAYYEFISQSEPYYFDN	QSIRRNY	GAS	QQYGSSPLYT
85.0|PCWilson_donor_241	HA:Stem	EVQLLESGGGFVQPGGSLRLSCEASGFSFSSYAMSWVRQAPGKGLEWVSGVSTSGGDTYYADSVKGRFTISRDNSKSTLFLQMSGLRAEDTAVYYCGKSIENMVRGLLITSFAYYFAVDVWGQGTTVTVSS	EIVLTQSPRTLSLSPGDRATLSCRASQSVTSNYLAWYQQKRGQAPRLLIYGASSRATGVPDRFSATASGTDFTLTIGRLEPEDFAVYYCQQYGNSPFNFGGGTKVEIK	GFSFSSYA	VSTSGGDT	GKSIENMVRGLLITSFAYYFAVDV	QSVTSNY	GAS	QQYGNSPFN
CR6325	HA:Stem	EVQLVESGAEVKKPGSSVKVSCKASGGTFSFYSMSWVRQAPGQGLEWMGGIIPMFGTTNYAQKFQGRVTITAVESTSTAYMEVSSLRSEDTAVYYCARGDKGIYYYYMDVWGKGTTVTVS	QSALTQPASVSGSPGQSITISCTGTSSDVGGYNYVSWYQQHPGKAPKLMIYEVSNRPSGVSNRFSGSKSGNTASLTISGLQAEDEADYYCSSYTSSSTLVFGTGTKVTVL	GGTFSFYS	IIPMFGTT	ARGDKGIYYYYMDV	SSDVGGYNY	EVS	SSYTSSSTLV
106.0|Lanzavecchia_donor_FISW	HA:Stem	QVQLQESGPGLVRPSETLSLSCTVSGASITSDYWSWIRQPPGKGLEWIGYIYYTGRTRYNVSLESRVSISVDTSQNQISLKLNSVTAADTAMYYCTRDRTGINSLNALDVWGQGTMVTVSS	DIQMTQSPSSLSASVGDRVTITCRASQSIGLYLNWYQQKSGKAPKLLIYGTSNLQSGVPSRFSGRGSGTDFTLTFSSLQPEDFAIYYCQQTYSIPPTFGGGTKVEIK	GASITSDY	IYYTGRT	TRDRTGINSLNALDV	QSIGLY	GTS	QQTYSIPPT
1.0|VRC_310_cohort_donor_31	HA:Stem	EVQLLESGGGLVQPGGSLRLSCAASGFTFSSSAMSWVRQAPGKGLEWVSAISGNGGSTYYADSVKGRFTISRDNSKNTLYLQMNSLRAEDTAVYYCTKDRSPPVYDLLPGYYSSYYYMDVWGKGTTVTVSS	EIVMTQSPVTLSVSPGERATLSCRASQSVSSNLAWYQQKPGQAPRLLIYGASTRATGIPARFSGSGSGTEFTLTISSLQSEDFAVYYCQQYNNWLRTFGQGTKLEIK	GFTFSSSA	ISGNGGST	TKDRSPPVYDLLPGYYSSYYYMDV	QSVSSN	GAS	QQYNNWLRT
241-14-IgA_2F04	HA:Stem	EVQLLESGGGLVQPGGSLRLSCAVSGFTFSKYAMNWVRQAPGKGLEWVSHISGSGISTYYADSVKGRFTISRDTSKNMLYLQMNSLRAEDTAIYYCAKDAISGQIWLQGTFDYWGQGTLVTVSS	EIVMTQSPATLSVSPGERATLSCRASQSVSSNLAWYQQKPGQAPRLLIYGASTRATGIPPRFSGSGSGTEFSLTISSLQSEDFAVYYCQQYNNWPPITFGQGTRLEIK	GFTFSKYA	ISGSGIST	AKDAISGQIWLQGTFDY	QSVSSN	GAS	QQYNNWPPIT
136.0|VRC_310_cohort	HA:Stem	QVQLEQSGAEVKKPGSSVKVSCKASGGIFNSYAISWVRQAPGQGLEWMGGIIAIFRTTNYAQKFQGRVTITADESTTTAYMELSSLRSEDTAIYYCVRSPGYSYGTNMNNWFDPWGQGTLVTVSS	VLTQPRSVSGSPGQSVTISCTGTRSDVGGYNYVSWYQQHPGKAPKLMIYDVTKRPSGVPDRFSGSKSGNTASLTISGLQADDEADYYCCSYAGSNTFVFGTGTK	GGIFNSYA	IIAIFRTT	VRSPGYSYGTNMNNWFDP	RSDVGGYNY	DVT	CSYAGSNTFV
147.0|PCWilson_donor_1000	HA:Stem	QVQLVQSGAELKKPGSSVKVSCKTSGGTSNNYPISWVRQAPGQGLEWMGGSIPIFNTPKYGKKFQGRVTITSDTSTSTAYMELSSLRSDDTAIYYCATSAGGIVNYFLLFDIWGQGTMVTVSS	DIQMTQSPSTLSASVGDRVTIACRASQSISDWLAWYQQKPGKAPKLLIHKASSLESGVPSRFSGGGSGTEFTLTISSLQADDSATYYCQHYNTYSGTFGQGTKVEIK	GGTSNNYP	SIPIFNTP	ATSAGGIVNYFLLFDI	QSISDW	KAS	QHYNTYSGT
68.0|VRC_310_cohort	HA:Stem	QVQLVQSGAEVKKPGSSVKVSCKASGVTFSGYAINWVRQAPGQGLEWMGGISPLFGTPNLAQKFQGRVTFTADKATSTDHMELSSLRSEDTAVYYCVSTSEPGGLAVAGSRYFDYWGQGTLLTVSS	TLSVSPGERATLSCRASQSVSNNLAWYQQKPGQAPRLLIYGASTRAAGIPARFSGSGSGTEFTLTISSLRSEDFAVYYCQQYNDWPRTFGQGTKVEI	GVTFSGYA	ISPLFGTP	VSTSEPGGLAVAGSRYFDY	QSVSSN	GAS	QQYNDWPRT
037-10_4A01	HA:Stem	QVQLQESGPGLVKPSETLSLTCAVSRSSISGHYWSWIRQTPGKGLEWIGHIYSDGTTNYNPSLKSRVTISMDTSKNQFSLNLTSVTAADTAVYYCARDFRERLGHRWEQAFDYWGQGTLVTVSS	EIVLTQSPGTLSLSPGERATLSCRASQTVNSDFLAWYQQKPGQAPRLLIYSTSSRATGIPDRFSGSGSGSDFTLTITRLEPEDFAVYYCQQYGRSPSITFGQGTRLEIK	RSSISGHY	IYSDGTT	ARDFRERLGHRWEQAFDY	QTVNSDF	STS	QQYGRSPSIT
131.0|Melbourne_donor_W85	HA:Stem	QVQLQESGPGLVKPSETLSLTCTVSGDSINTYNYYWGWIRQPPGKGLEWVGTISYSGDTYYNPSLQSRVSIPVDMSNNHFSLKLNSVTAADTAVYFCARHSLMTTVVTDAFDIWGQGTLVTVSS	EIVLTQSPATLSLSPGERATLSCRASQSVITFLAWYQQKPGQAPRLLIYDASTRATGIPARFSGSGSGTDFTLTISSLEPEDFAFYYCQQRTNWPPALTFGGGTKVEIK	GDSINTYNYY	ISYSGDT	ARHSLMTTVVTDAFDI	QSVITF	DAS	QQRTNWPPALT
1000-3D04	HA:Stem	EVQLVESGGGLVRPGGSLRLSCVASGFTFNIDAMNWVRQAPGKGLEWVSSIIPSGTYTYYVDSVKGRFTISRDNAEGTLSLQMNSLRAEDTAIYYCAREPYNDGYFESWGQGTLVTVSS	DIVMTQSPLSLPVTPGEPASISCRSSQSLLHSSGYNYLDWYLQKPGQSPQVLIYLGSTRASGVPDRFSGSGSGTDFTLKISRVEAEDVGVYYCMQALQTPLTFGQGTKVEIK	GFTFNIDA	IIPSGTYT	AREPYNDGYFES	QSLLHSSGYNY	LGS	MQALQTPLT
241-14-IgA_2F06	HA:Stem	EVQLLESGGGLVQPGGSLRLSCAVSGFTFSSYAMHWVRQAPGKGLEWVSHISDSGYSTYYADSVKGRFTISRDNSKNKLYLQMNSLRAEDTAVYYCAKDGISRQVWLQGTFDSWGQGTLVTVSS	EIVMTQSQATLSVSPGERATLSCRASQSVGSNLAWYQQKPGQAPRLLIYGASTRATNIPPRFSGSGSGTEFTLTISSLQSEDFAVYYCQQYHNWPPITFGQGTRLEIK	GFTFSSYA	ISDSGYST	AKDGISRQVWLQGTFDS	QSVGSN	GAS	QQYHNWPPIT
CR6261	HA:Stem	EVQLVESGAEVKKPGSSVKVSCKASGGPFRSYAISWVRQAPGQGPEWMGGIIPIFGTTKYAPKFQGRVTITADDFAGTVYMELSSLRSEDTAMYYCAKHMGYQVRETMDVWGKGTTVTVS	QSVLTQPPSVSAAPGQKVTISCSGSSSNIGNDYVSWYQQLPGTAPKLLIYDNNKRPSGIPDRFSGSKSGTSATLGITGLQTGDEANYYCATWDRRPTAYVVFGGGTKLTVL	GGPFRSYA	IIPIFGTT	AKHMGYQVRETMDV	SSNIGNDY	DNN	ATWDRRPTAYVV
148	HA:Stem	QVQLVQSGAEVKKPGSSVKVSCKASGGILRNYAISWVRQAPGQGPEWMGGIIAIFGTTNYAQKFQGRVTITADESTRTSYMELSSLRSEDTAVYYCAGSGTYYVSRFDSWGQGTLVTVSS	DIVMTQTPLSLPVTPGEPASISCRSSQSLLDSDDGNTYLDWYLQKPGQSPQLLIYTLSYRASGVPDRFSGSGTGTDFPLKISRVEAEDVGLYYCLQRLEFLFGGGTKVEIK	GGILRNYA	IIAIFGTT	AGSGTYYVSRFDS	QSLLDSDDGNTY	TLS	LQRLEFL
I8-1B6	HA:Stem	QAQLEQSGAEVRRPGSSVKVACKTSGGIFSNFAVSWVRQAPGQGLEWMGGILSIFRTTNYAQKFQGRVTITADESTSTAYMELNSLRSDDTAVYYCARSITNLYYYYMDVWGKGTTVTVSS	QSALTQPASVSGSPGQSITVSCTGTNSDVGTYNYVSWFQQHPGEAPKVIIFDVSHRPSGVSNRFSGSKSGNTASLTISGLQTEDEADYYCSSYTTSNTRVFGTGTKVTVL	GGIFSNFA	ILSIFRTT	ARSITNLYYYYMDV	NSDVGTYNY	DVS	SSYTTSNTRV
137.0|VRC_310_cohort	HA:Stem	QVQLVQSGAEVKKPGSSVKVSCKASGGIFRNYAISWVRQAPGQGLEWMGGIAAIFGTTNYAQKFQGRVTITADESTTTAYMELSSLESEDTAVYYCARGPNYVPNSYFDFWGQGTLVAVSS	LSLSPGERATLSCRASQSVSSSNLAWYQQKPGQAPRLLIHGASNRATGIPDRFSGSGSGTDFTLTISRLEPEDFAVYHCQQYGSSQTFGLGTKLEIK	GGIFRNYA	IAAIFGTT	ARGPNYVPNSYFDF	QSVSSSN	GAS	QQYGSSQT
145.0|VRC_310_cohort	HA:Stem	QVHLVQSGTDVKEPGASVKVSCKASGYTFTTYDMHWVRQAPGQRLEWMGRINAGNGNTKYSQKFQGRVTITRDTSASTAYMQLSSLRSEDTAVYYCARGSTNYDFWSSYYPGDMDVWGQGTTVSVSS	LPVTLGQPASISCRSSQGLVFSDGNTYLSWFQQRPGQSPRRLIYKVSNRDSGVPDRFSGSGSGTDFTLKISRVEAEDVGVYYCMQGTHWELTFGGGTKVEIK	GYTFTTYD	INAGNGNT	ARGSTNYDFWSSYYPGDMDV	QGLVFSDGNTY	KVS	MQGTHWELT
PN-SIA28	HA:Stem	QVQLVESGGGVVQPGRSLRLSCAASGFPFSSYGMHWVRQAPGKGLEWVAGVSYDGSYKYYADSVKGRFTISRDSSKSTLYLQMNSLRPEDTAVYYCARPSAIFGIYIILNGLDVWGQGTTVTVSS	EIVLTQSPSSVSASVGDRVTITCRATQGISSWLAWYQQKPGKPPKLLIFGASSLQSGVPSRFSGSGSGTDFTLTISSLQPEDFATYFCQQAHSFPLTFGGGTKVEIK	GFPFSSYG	VSYDGSYK	ARPSAIFGIYIILNGLDV	QGISSW	GAS	QQAHSFPLT
2.0|VRC_310_cohort_donor_54	HA:Stem	QVQLVQSGAEVKKPGASVKVSCKASGYTFTSYGISWVRQAPGQGLEWMAWISAYTGNTNYAQKFQGRVTVSTDTSTGTAYMELRSLRSDDTAVYYCARDRIQGAVALPNEQLNWFDPWGQGTLVTVSS	EIVLTQSPVSLSLSPGERATLSCRASQSVSSYLAWYQQKPGQAPRLLIYGASNRATDIPARFRGSGSGTDFTLTISSLEPEDFAVYYCQQHSNWPRTFGQGTKVETK	GYTFTSYG	ISAYTGNT	ARDRIQGAVALPNEQLNWFDP	QSVSSY	GAS	QQHSNWPRT
MEDI8852-V	HA:Stem	QVQLQQSGPGLVKPSQTLSLTCAISGDSVSSYNAVWNWIRQSPSRGLEWLGRTYYRSGWYNDYAESVKSRITINPDTSKNQFSLQLNSVTPEDTAVYYCARSGHITVFGVNVDAFDMWGQGTMVTV	DIQMTQSPSSLSASVGDRVTITCRTSQSLSSYTHWYQQKPGKAPKLLIYAASSRGSGVPSRFSGSGSGTDFTLTISSLQPEDFATYYCQQSRTFGQGTKVEIK	GDSVSSYNAV	TYYRSGWYN	ARSGHITVFGVNVDAFDM	QSLSSY	AAS	QQSRT
CR6323_	HA:Stem	EVQLVESGAEVKKPGSSVKVSCKASGGTFSSYGISWVRQAPGQGLEWMGDIIGMFGSTNYAQNFQGRLTITADESTSTAYMELSSLRSEDTAVYYCARSSGITLHTSPTGARAPWSPS	EIVLTQSPGTLSLSPGERATLSCRASQSVSSSYLAWYQQKPGQAPRLLIYGASSRATGIPDRFSGSGSGTDFTLTISRLEPEDFAVYYCQQYGSSPRTFGGGTKVEIK	GGTFSSYG	IIGMFGST	ARSSGITLHTSPT	QSVSSSY	GAS	QQYGSSPRT
241-14-IgA_1D05	HA:Stem	EVQLLESGGGLVHPGGSLRLSCAVSGFTLTNYAINWVRQAPGKGLEWVSYISATGGSTYYADSVKGRFTISRDTSKNTLFLQMNSLRAEDTALYYCAKDAIAGRVWLQGAFDSWGQGTLVTVSS	EIVMTQSPATLSVSPGERATLSCRASQSISRDLAWYQQKPGQAPRLIIYGASTRASGFPPRFSGSGSGTEFTLTISSLQSEDFAIYYCQQYNNWPPITFGQGTRLEIK	GFTLTNYA	ISATGGST	AKDAIAGRVWLQGAFDS	QSISRD	GAS	QQYNNWPPIT
71.0|Adachi_donors	HA:Stem	QVQLVQSGAEVKSPGASVRVSCKASGYTFSTYDINWVRQAAGQGLEWMGWMIPSSGKTGFAQKFQGRVTMTRDTSKSTAYLELSRLTSDDTAVYYCARGSRPRNSGSGPYVYWFDPWGQGTLVTVSS	EIVLTQSPATLSLSPGERATLSCRASQSVNSFLVWYQQKPGQAPRLLIYDASNRATGIPARFSGSGSGTDFTLTISSLEPEDFAVYYCQHRNNWMYTFGQGTKLEIK	GYTFSTYD	MIPSSGKT	ARGSRPRNSGSGPYVYWFDP	QSVNSF	DAS	QHRNNWMYT
H1N1_296-16-IgG-2A04_	HA:Stem	VQLVESGGGVVQPGRSLRLSCAASGFTFSRSSFHWVRQAPGKGLEWVAVVSNEGTNKYYADSVKGRFTISRDNSKNTLYLQMNSLRAEDTAVYYCARDGRMIPNWGFFDYWGQGTLVTVSS	EIVMTQSPATLSVSPGERATLSCRASQSVSSNLAWYQERPGQAPRLLIYGASTRATAIPARFSGSGSGTEFTLTISSMQSEDFAVYYCQQYYNWPPITFGQGTRLEIK	GFTFSRSS	VSNEGTNK	ARDGRMIPNWGFFDY	QSVSSN	GAS	QQYYNWPPIT
CT149	HA:Stem	QVQLVQSGAEVKKPGASVKVSCKTSGYSFSTYGVSWVRQAPGQGPEWVGWISAYTGITDYAQKFQGRVTLTTDATTATAFLDLRSLRPDDTATYFCARDKVQGRVEVGSGGRHDYWGQGTLVIVSS	EVVLTQSPGTLALPPGERATLSCRASHRVGSTYIAWYQQKSGQAPRRLIYGASNRATDIPDRFSGSGSGTDFTLTIRRLEPEDSAVYYCQQFSVSPWTFGQGTRVEIK	GYSFSTYG	ISAYTGIT	ARDKVQGRVEVGSGGRHDY	HRVGSTY	GAS	QQFSVSPWT
CR8020	HA:Stem	QVQLQQSGAEVKTPGASVKVSCKASGYTFTSFGVSWIRQAPGQGLEWIGWISAYNGDTYYAQKFQARVTMTTDTSTTTAYMEMRSLRSDDTAVYYCAREPPLFYSSWSLDNWGQGTLVTVSS	EIVMTQSPGTLSLSPGERATLSCRASQSVSMNYLAWFQQKPGQAPRLLIYGASRRATGIPDRISGSGSGTDFTLTISRLEPADFAVYYCQQYGTSPRTFGQGAKVEIK	GYTFTRFG	ISAYNGDT	AREPPLFYSSWSLDN	QSVSMNY	GAS	QQYGTSPRT
H1N1_300-16-IgG-2E03_	HA:Stem	QVQLVQSGAEVKKPGSSVTVSCKASGGTFSSHAINWVRQVPGQGLEWVGGIIGIFRTTKYAQKFQGRVTISADEFMSTASMELSSLRFEDTAIYYCVRSEGYTPTHNWLDPWGQGTLVTVSS	DIQMTQSPDSLAVSLGERATINCKSSQSVLYSSNNKNYLAWYQQKPGQPPKLLIYWASTRESGVPDRFSGSGSGTDFTLKISRVEAEDVGVYSCMQSIQLPITFGQGTRLEIK	GGTFSSHA	IIGIFRTT	VRSEGYTPTHNWLDP	QSVLYSSNNKNY	WAS	MQSIQLPIT
LAH13V	HA:Stem	EVQLVASGGGLIQPGGSLRLSCAASGFGLSSYEMNWVRQAPGKGLEWVSYITSNGRTIDYADSVKGRFTISRDNTKNSVYLQMDSLRAEDTAVYYCARRDSSSWYRGGWFDPWGQGTLVTVSS	QSVLTQPPSVSGAPGQRVTISCTGSSSNLGAGYAVHWYQQLPGTAPKLLIYGYTNRPSGVPDRFSGSKSGTSASLAITGLQAEDEADYYCQSYDGSLRGYVFGTGTKVTVL	GFGLSSYE	ITSNGRTI	ARRDSSSWYRGGWFDP	SSNLGAGYA	GYT	QSYDGSLRGYV
H3N2_235-15-1B06_	HA:Stem	VQLVESGGGVVQPGGSLRLSCAASGFTFSSFGMHWVRQAPGKGLEWVAFIRFDGNNEYYADSVKGRFTISRDNSKNTLYLQMNSLRAEDTAVFYCAKFSGAGGSAWGYFDYWGQGTLVTVSS	SYELTQDPAVSVALGQTVRITCQGDSLRSYSASWYQQKPGQAPVLVIYGKNNRPSGIPDRFSGSSSGNTASLTIAGAQAEDEADYYCKSRDSSGNHPWVFGGGTKLTVL	GFTFSSFG	IRFDGNNE	AKFSGAGGSAWGYFDY	SLRSYS	GKN	KSRDSSGNHPWV
H3N2_228-14-2D04_	HA:Stem	EVQLVESGGGLVKPGQSLRLSCAASGFTFTNAWMSWVRQAPGKGLEWVGRIKTKTEGETVDYAAPVKGRITISRDDSKNMVYLQLKSLKIEDAAVYYCTTGLTRSSLGGFVDYWGPGTLVTVSS	DIVMTQSPDSLTVSLGERATINCRSSQTVLSSSNNENFLAWYQQKSGQPPNLLIYWASTRASGVPDRFSGSGSGTDFTLTISSLQTEDVAVYYCLQYLTTPRTFGQGTKVEIK	GFTFTNAW	IKTKTEGETV	TTGLTRSSLGGFVDY	QTVLSSSNNENF	WAS	LQYLTTPRT
CS10V	HA:Stem	QVQLVQSGAEVKKPGSSVKVSCKASGGTFSSYTITWVRQAPGQGLEWMGRIIPILEIANYAQRFQGRVTITADKSTSTAYMELSSLRSDDTAVYFCARRDLSEAVGGTKLYYYGLDVWGQGTTVTVSS	QSVLTQPPSVSAAPGQKVTISCSGSSSNVGRNYVSWYQQLPGTAPKLLIYDNNKRPSGIPDRVSGSKSGTSATLGITGLQTGDEANYYCGTWDSSLSAVVFGGGTKLTVL	GGTFSSYT	IIPILEIA	ARRDLSEAVGGTKLYYYGLDV	SSNVGRNY	DNN	GTWDSSLSAVV
SFV009_2A06	HA:Stem	QVQLVQSGAEVKRPGSSVTVSCKASGGSFTSFVISWVRQAPGQGLEWMGGVIPIFATPKYAQKFQGRLTITADKSTNTAYMELTSLRSEDTAMYYCASPDLTMVFVPHTGPLDFWGQGTLVTVSS	DIQMTQSPSTLSASVGDRVTITCRASQSIDNWLAWYQQKPGKAPNLLIYKASSLRSGVPSRFSGSGSGTEFTLTISSLQPDDFATYYCQHYDTYSGTFGQGTKVEIK	GGSFTSFV	VIPIFATP	ASPDLTMVFVPHTGPLDF	QSIDNW	KAS	QHYDTYSGT
15.0|VRC_310_cohort_donor_31	HA:Stem	QVQLVQSGAEVKKPGASVKVSCKASGYSFSSYGISWVRQAPGQGLEWMGWISAYNGNTNYAQKLQGRVTMTTDTSTSTAYMELRSLRSDDTAVFYCARDRPHILTGFDFDYWGQGTLVTVSS	DVVMTQSPVSLPVTLGQPASISCRSSQGLVYIDGNTYLNWFQQRPGQSPRRLIYNVFTRDSGVPDRFSGSGSGTDFTLKITTVEAEDVGVYYCMQGTHWPYTFGQGTKLEIK	GYSFSSYG	ISAYNGNT	ARDRPHILTGFDFDY	QGLVYIDGNTY	NVF	MQGTHWPYT
CS12V	HA:Stem	EVQLVESGGGLVQPGRSLRLSCTTSGFSFGDHAMGWVRQAPGKGLEWVSLIRGKAYDETTEYAASVKGRFTISRDDSKSTVYLQMNSLKREDTAVYYCTKEIRGAHIAVLPAAIGTTAEFDPWGQGTLVTVSS	EIVLTQSPGTLSLSPGERATLSCRASHSVSSGYLAWYQQKPGQAPRLLIYGVSSRATGIPDRFSGRGSGTDFTLTISRLEPEDFAVYYCHQYGSSRTFGQGTKVEIK	GFSFGDHA	IRGKAYDETT	TKEIRGAHIAVLPAAIGTTAEFDP	HSVSSGY	GVS	HQYGSSRT
I5-24	HA:Stem	QFQLVQSGAEVRKPGSSVKVSCTASGGTFSRYTVNWVRQAPGQGLQWMGRFIPLLGMTNYAQRFQGRATITADKSTTTAFLELSSLTSEDTAVYFCARHDSSGYHPLDYWGQGTLVTVSS	EIVLTQSPGTLSLSPGERATLSCRASQSLSSGHLAWYQQKPGQAPRLLIYGASSRATGIPDRFSGSGSGTDFTLTISRLEPEDFAVYYCQQYAVFLYTFGQGTKLEIK	GGTFSRYT	FIPLLGMT	ARHDSSGYHPLDY	QSLSSGH	GAS	QQYAVFLYT
5.0|VRC_310_cohort_donor_01	HA:Stem	QVQLQQWGAGLLKPSETLSLTCAVYGDSFNGYYWTWIRQPPGKGLEWIGEINRSGSTNYNPSLKSRVTISVDTSKNQFSLKLNSVTAADTAVYYCARYPLYYDSRGVFYQKVTAYGMDVWGQGTTVTVSS	DIQLTQSPVSLSASVGDRVTITCRASQGISNYLAWYQQKPGKAPKLLIYAASTLQSGVPSRFSGSGSGTDFTLTISSLQPEDFATYYCQQLHSYPRTFGQGTKLEI	GDSFNGYY	INRSGST	ARYPLYYDSRGVFYQKVTAYGMDV	QGISNY	AAS	QQLHSYPRT
9.0|Lanzavecchia_donor_FISW	HA:Stem	QVQLVQSGGGVVQPGRSLRLSCVASGFTFSTYAMHWVRQAPGRGLEWVAVISYDGNYKYYADSVKGRFSISRDNSNNTLHLEMNTLRTEDTALYYCAKDSQLRSLLYFEWLSQGYFDPWGQGTLVTVSS	DIVMTQSPDSLAVSLGARATINCKSSQSVTFNYKNYLAWYQQKPGQPPKVLIYWASARESGVPDRFSGSGSGTDFTLTISSLQAEDVAVYYCQQHYRTPPTFGQGTKVEIK	GFTFSTYA	ISYDGNYK	AKDSQLRSLLYFEWLSQGYFDP	QSVTFNYKNY	WAS	QQHYRTPPT
72.0|VRC_315-53	HA:Stem	QVQLQQSGPGLVKPSQTLSLTCAISGDSVSSNSGAWDWIRQSPSRGLEWLGRTYYRSKWYNNYADFVKSRITINPDTSKNQFSLQLSSVTPEDTAVYFCARAGVTVFGVVVGAMDVWGQGTMVTVS	DIQMTQSPSSLSASVGDRVTITCRASQSVSSYLHWYQQKPGKAPKLLIYAASSLQSGVPSRFSGSRSGTDFTLTISSLQPEDFATYYCQLSYTFGQGTKLEIK	GDSVSSNSGA	TYYRSKWYN	ARAGVTVFGVVVGAMDV	QSVSSY	AAS	QLSYT
429B01	HA:Stem	EVQLVESGGGVVQPGRSLRLSCAASGFSFSTSVIHWVRQTPGKGLEWLAVISYDGSNKYYADSVQGRFTISRDNSNNTLYLQVNSLRPEDTAVYYCARGITVFGLLIINSAMDVWGQGTTVTVSS	SISLSASVGDRVTITCRASQGISYNLAWYQQKPGRVPNLLIHAASRLQSGAPFRFSGSGSGTDFTLTISSLQPEDVATYYCQKYDSVPLTFGQGTKVEIK	GFSFSTSV	ISYDGSNK	ARGITVFGLLIINSAMDV	QGISYN	AAS	QKYDSVPLT
98.0|Donor_H	HA:Stem	QVQLVQSGAEVKKPGSSVKVSCKTSGVTFSSFSVSWVRQAPGQGLEWMGRIIPILGMTNYAQKFQGRVTITADRSTSVASMEFSSLKSEDTAVYYCANINRDYGDNSLYYWGQGTTVTVSS	EIVLTQSPGTLSLSPGERAILSCRASQSVSSSYLAWYQQKPGQAPRLLIYGASSRATGIPDRFSGSGSGTDFTLTISRLEPEDFAVYYCQQYGTFMYTFGQGTKVEIK	GVTFSSFS	IIPILGMT	ANINRDYGDNSLYY	QSVSSSY	GAS	QQYGTFMYTF
V3-3D2	HA:Stem	QVQLVQSGAEVKKPGSSVKVSCKAPGVIFNAYAMSWVRQAPGQGLEWMGGITGVFHTATYAPKFQGRVTITADESTSTAYMELSSLRSDDTAVYYCARGPKYYHSYMDVWGEGTTVTVSS	DIQMTQSPSSLSASVGDRVTITCRASQDISNYVAWFQQKPGKTPKSLMYATSKLQNGVPSRFSGSGSGTDFTLTISSLQSEDFATYYCQQYSRYPPTFGGGTKVEIK	GVIFNAYA	ITGVFHTA	ARGPKYYHSYMDV	QDISNY	ATS	QQYSRYPPT
H3N2_228-14-2E05_	HA:Stem	QVQLQESGPGLVKPSETVSLTCTVSGDSISSHYWSWIRQTPGKGLEWIGYMSHTGSTTYNPSLKRRVSISIDASKKWFSLRLNSVTAADSAVYFCARVIAAAGTSYYFMDVWGKGTTVTVSS	DIQMTQSPSSLSASVGDRVTITCRASQSISSYLNWYQQKPGRAPNLLIYAASSLPSGVPSRFSGSGSGTDFTLTISSLKPEDFATYYCQQSYSPPLTFGGGTKVEIK	GDSISSHY	MSHTGST	ARVIAAAGTSYYFMDV	QSISSY	AAS	QQSYSPPLT
H1N1_294-16-IgG-1G04_	HA:Stem	QVQLQESGPGLVRPSQTLSLTCTVSGGSLISRVFYWSWIRQHPGKGLEWIGYISHTGSTDYNPSLKSRLTLSVDTSKNQFSLKLTSVTAADTALYYCARHIKEILADYGDPRTDHDAFDIWGQGTMVTVSS	DIQMTQSPSSLSASVGDRVTITCRASQTISRYLNWYQQKPGKAPKLLIYVVSNLQSGVPSRFSGSGSGTDFTLTISSLQPEDFATYYCQQSYSSLITFGQGTRLEIK	GGSLISRVFY	ISHTGST	ARHIKEILADYGDPRTDHDAFDI	QTISRY	VVS	QQSYSSLIT
36.89	HA:Stem	QVQLVQSGAELKRPGASVKVSCXTSGYSFNNYGINWVRQAPGQGLEWMGWISAYTGNTHYAKNFEGRVTLTTDTSTSTAYMEVRSLRSDDSAVYFCARANIQGVVTLYIRPGDYWGQGTLVTVSS	DIVMTQSPSTLSASVGDRVTITCRASQSIGNWLAWYQQKPGKAPKLLIYKVSTLESGVPSRFSGSGSGTEFTLTINSLQPDDFATYYCQRYTSNSQGFTFGQGTKLEIK	GYSFNNYG	ISAYTGNT	ARANIQGVVTLYIRPGDY	QSIGNW	KVS	QRYTSNSQGF
LAH4V	HA:Stem	EVQLLESGGGLVHPGGSLRLSCAASGFTFSNFDMTWVRQAPGKGLEWVSTISGRGDNTYYADSVKGRFTISRDNPKNTLYLQMNTLQAGDTAVYYCAKNSRWDLIRSGTHFDYWGQGTLVTVSS	EIVMTQSPATLSLSPGERATLSCRASQSVNSYLAWYQQKPGQAPRLLIYDASNRATDIPARFSGSGSGTDFTLTISSLEPEDFAVYYCQQRSNRQFTFGPGTKVEIK	GFTFSNFD	ISGRGDNT	AKNSRWDLIRSGTHFDY	QSVNSY	DAS	QQRSNRQFT
52.0|VRC_315-09	HA:Stem	QVQLVQSGAEVKKPGASVKVSCKASGYTFTSYGISWVRQAPGQGLEWMGWISAYNGNTNYAQKLQGRVTMTTDTSTSTAYMELRSLRSDDTAVYYCARGLLQGVVILDSYYYTMDVWGQGTTVTVSS	EIVLTQSPGTLSLSPGERATLSCRASQSVSSSYLAWYQQKPGQAPRLLIYGASSRATGIPDRFSGSGSGTDFTLTISRLEPEDFAVYYCQQYGSSPRWTFGQGTKLEIK	GYTFTSYG	ISAYNGNT	ARGLLQGVVILDSYYYTMDV	QSVSSSY	GAS	QQYGSSPRWT
73.0|VRC_315-54	HA:Stem	QVQLQQSGPGLVKPSQTLALTCGISGDTVSNNRVAWNWIRQSPSRGLEWLGRTYYRSKWYSDYSKSVTGRMTINPDTSKNQFSLHLDSVTPADTAVYYCARGMIFGWPLTGWYFDLWGRGTLVTV	EIVLTQSPGTLSLSPGERVTLLCRASHHVSSGYLAWYQQKPGQAPRLLIYGATNRATGIPDRFSGSGSGTDFALTISRLEPEDFAVYYCQQFDSSSMYTFGQGTKLEI	GDTVSNNRVA	TYYRSKWYS	ARGMIFGWPLTGWYFDL	HHVSSGY	GAT	QQFDSSSMYT
H1N1_301-16-IgG-1A04_	HA:Stem	EVQLVESGGGLVQPGRSLRLSCVVSGFKFDDYAMHWVRQAPGKGLEWVSGISWNSGKIEYADSVKGRFTIARDNAKNSLYLEMNSLRPEDSALYYCAKDKAPAPISMVRGLIITPNFYYYGLDVWGQGTTVTVSS	DIQMTQSPSSLSASVGDRVTITCRASQSIRTYLNWYQQKAGKAPKLLIYAASSLQSGVPSRFSGSGSGTDFTLTMSSLQPEDFATYYCQQSYSTPYTFGQGTKVEIK	GFKFDDYA	ISWNSGKI	AKDKAPAPISMVRGLIITPNFYYYGLDV	QSIRTY	AAS	QQSYSTPYT
25.0|Lanzavecchia_donor_FISW	HA:Stem	QVQLQQSGPGLVKPSQTLSLTCAISGDSVSSNSAAWNWIRQSPSRGLEWLGRTYYRSKWYNDYAESVKSRITINPDTSKNQVSLQLNSVTPEDTAVYYCARGGHITVFGVNIDAFDIWGQGTMVTVSS	DIQMTQSPSSLSASVGDRVTISCRASQSLSSYLHWYQQKPGKAPKLLIYAASTLQSGVPSRFSGSGSGTDFTLTISSLQPEDFATYYCQQSRTFGQGTKVEIK	GDSVSSNSAA	TYYRSKWYN	ARGGHITVFGVNIDAFDI	QSLSSY	AAS	QQSRT
CR6342	HA:Stem	QVQLVQSGAEVKKPGSSVKVSCKASGGFFSSYAISWVRQAPGQGLEWMGGVIPIFRTANYAQNFQGRVTITADEFTSYMELSSLRSDDTAVYYCARLNYHDSGTYYNAPRGWFDPWGQGTLVTVS	DIQMTQSPDSLAVSLGEKATINCKSSQSILNSSNNKNYLAWYQQKPGQPPKLLIYWASTRESGVPDRFSGSGSGTDFTLTISSLQAEDVAVYYCQQYYSSPPTFGQGTKVEIK	GGFFSSYA	VIPIFRTA	ARLNYHDSGTYYNAPRGWFDP	QSILNSSNNKNY	WAS	QQYYSSPPT
105.0|Lanzavecchia_donor_FISW	HA:Stem	QVQLVQSGGGVVHPGRSLRLSCAASGFSFSSYGMHWVRQAPGKGLEWVAVVSYDGDYKYYADSVKGRFTISRDNSKNTLYLDMNSLRAEDTAVYYCAKERPLRLLRYFDWLSGGANDYWGQGALVTVSS	DIVMTQSPDSLALSLGERATINCKSSQTVLFSSNNKNYLAWYQQKPGQPPHLLIYWASTRESGVPDRFSGSGSGTEFTLTISSLQAEDVAVYYCQQYYTTPSFGQGTKLEIK	GFSFSSYG	VSYDGDYK	AKERPLRLLRYFDWLSGGANDY	QTVLFSSNNKNY	WAS	QQYYTTPS
CR6334	HA:Stem	EVQLVETGAEVKKPGSSVKVPCKSSGSPFRSNAVSWVRQAPGQGLEWVGGILGVFGSPSYAQKFQGRVTITADESTNTVHMELRGLRSEDTAVYYCARGPTYYYSYMDVWGKGTTVTVS	SYVLTQPPSESVAPGQTARITCGGNNIGRNSVHWYQQKPGQAPVLVVYDDSDRPSGIPERFSGSKSGNTATLIISRVEVGDEADYYCQVWHSSSDHYVFGTGTKVTVL	GSPFRSNA	ILGVFGSP	ARGPTYYYSYMDV	NIGRNS	DDS	QVWHSSSDHYV
141.0|VRC_310_cohort	HA:Stem	VQLVQSGAEVKKPGSSVKVSCKASGGIFNTYAISWVRQAPGQGLEWMGGIIPIFHTTKYAQKFQGRVTISADESTSTAYMQLSRLRSEDTAVYYCARAYDSSGYYNSYYFDLWGQGTLVTVSS	LTQEPSLTVSPGGTVTLTCGSSTGAVTSGHYPYWFQQKPGQAPRTLIYDSSNRHSWTPARFSGSLLGGKAALSLSGAQPEDEAEYYCLLSFGGAPVFGGGTKLT	GGIFNTYA	IIPIFHTT	ARAYDSSGYYNSYYFDL	TGAVTSGHY	DSS	LLSFGGAPV
H1N1_296-16-IgG-2D02_	HA:Stem	QVQLVQSGAEVKKPGASVKVSCKASGYTFTNYGISWVRQAPGQGLEWMGWISGYNGHTNFAQKFQGRVTMTTDTSTSTAYMELRSLRSDDTAVYYCARDHAFILVGATVDYWGQGTLVTVSS	DIVMTQSPLSLPVTLGQPASVSCRSSQGLVHIDGNTYLNWFQQRPGQSPRRLIYKVSNRDSGVPDRFSGSGSGTDFTLKISRVEAEDVGVYYCMQGTHWPRTFGQGTKVEIK	GYTFTNYG	ISGYNGHT	ARDHAFILVGATVDY	QGLVHIDGNTY	KVS	MQGTHWPRT
CR6327	HA:Stem	EVQLVETGAEVKKPGSSVKVSCKASGGTFRTHAISWVRQAPGQGLEWMGGIIAIFGTANYAQKFQGRITITADESTSTAYMELSSLRSEDTAVYFCARGSGYHISTPFDNWGQGTLVTVS	SYVLTQPPSVSVAPGQTARITCGGNNIGSKGVHWYQQKPGQAPVLVVYDDSDRPSGIPERFSGSNSGNTATLTISRVEAGDEADYYCQVWDSSSDHVVFGGGTKLTVL	GGTFRTHA	IIAIFGTA	ARGSGYHISTPFDN	NIGSKG	DDS	QVWDSSSDHVV
93.0|Canada_patients	HA:Stem	QVQLVQSGAEVKKPGSSVKVSCKASGGTFNNYAVSWVRQAPGQGLEWMGGIIPIFGTANYAHKFQGRVTITVDESTSTAYMELSSLRSEDTAMYYCARVCSFYGSGSYYNVFCYWGQGTLVTVSS	DIQMTQSPSTLSASAGDRVTITCRASQSISSWLAWYQQKPGKAPKLLIYKASSLESGVPSRFSGSGSGTEFTLTISSLQPDDFATYYCQHYNSYSQTFGQGTKVEIK	GGTFNNYA	IIPIFGTA	ARVCSFYGSGSYYNVFCY	QSISSW	KAS	QHYNSYSQT
39.18_B11	HA:Stem	EVQLVQSGAEVKKPGSSMKVSCKASGSTFSNYGISWVRQAPGQGLEWMGGIIPIFGAANYAQKFQGRVTITADESTSTVYMEVRSLRSEDTAVYYCARRQQLYKGYYHHWGQGTLVTVSS	EIVLTQSPATLSVSPGERVTLSCRASQSVANNLAWYQQKPGQSPRLLIYGASTRDTGIPARFSGSGSGTEFTLTISSLQSEDFAVYYCQQYNNWPPMYTFGQGTKVEIK	GSTFSNYG	IIPIFGAA	ARRQQLYKGYYHH	QSVANN	GAS	QQYNNWPPMY
CR6331	HA:Stem	VESGAEVKKPGSSVKVSCKASGGTFSSYAISWVRQAPGQGLEWMGGIIGMFGTANYAQKFQGRVTITADEFTSTAYMELSSLRSEDTAVYYCARGNYYYESSLDYWGQGTLVTVS	QSVVTQPPSVSVAPGQTARITCGGNNIGSKSVHWYQQKPGQAPVLVVYDDSDRPSGIPERFSGSNSGNTATLTISRVEAGDEADYYCQVWDSSSDHYVFGTGTKVTVL	GGTFSSYA	IIGMFGTA	ARGNYYYESSLDY	NIGSKS	DDS	QVWDSSSDHYV
75.0|PCWilson_donor_018	HA:Stem	QVQLVQSGAEVKKPGSSVRVSCKASGGIFISSAISWVRQAPGQGLEWMGGINPLFGTTNYAQKFQGRVTITADKSTGTTYMDLSSLRSEDTAVYYCARDGSGSYLPLNWLDPWGQGTLVTVSS	EIVLTQSPGTLSLSPGERATLSCRASQSVSSSYLAWYQQKPGQAPRVLIYGASSRATGIPDRFSGSGSGTDFTLTISRLEPEDFAVYYCQQYGSSPFTFGPGTKVDIK	GGIFISSA	INPLFGTT	ARDGSGSYLPLNWLDP	QSVSSSY	GAS	QQYGSSPFT
H1N1_296-16-IgA-2E02_	HA:Stem	QVQLQESGPGLVQPSETLSLTCSVSGYSINSDYYWGWIRQTPGKGLEWIGTVHHSGSRYYNPSLRSRASILLDAPKNQFSLKLNSVAAADTAVYFCAGGHMASVRYMDVWGKGTTVTVSS	EIVLTQSPATLSLSPGERATLSCRASQSVITFLAWYQHKPGQAPRLLIYDASIRATGIPPRFSGSGSGTDFTLTISNLEPEDFAVYYCQQRSNWPLTFGGGTKVEIK	GYSINSDYY	VHHSGSR	AGGHMASVRYMDV	QSVITF	DAS	QQRSNWPLT
2803	HA:Stem	QVQLVESGGGVVQPGRSLRLSCAASGFTFSSYGMHWVRQAPGKGLEWVAVIWYDGSNKYYADSVKGRFTISRDNSKNTLYLQMNSLRAEDTAVYYCARGYSYGYIDYWGQGTLVTVSS	ETTLTQSPATLSLSPGERATLSCRASQSVSSYLAWYQQKPGQAPRLLIYDASNRATGIPARFSGSGSGTDFTLTISSLEPEDFAVYYCQQRSNWPPMYTFGQGTKLEIK	GFTFSSYG	IWYDGSNK	ARGYSYGYIDY	QSVSSY	DAS	QQRSNWPPMYT
H1N1_301-16-IgA-1F05_	HA:Stem	QVQLQESGPGLVKPSQTLSLTCTVSGGSISSGGYYWSWIRQYPGKGLEWIGYIYYSGRTRYNPSLKSRATISVDTFKNQFSLKLSSVTDADTAIYYCARDDTGISRTNALDYWGQGTLVTVSS	DIQMTQSPSSLSASVGDRVTITCRASQSIITYLNWYQQKPGKAPNLVIYAASSVQSGVPSRFTGSGSGTDFTLTISSLQPEDFATYYCQQSYNFFTFGGGTKVEIK	GGSISSGGYY	IYYSGRT	ARDDTGISRTNALDY	QSIITY	AAS	QQSYNFFT
S9-3-37	HA:Stem	QAQLVQSATEVKKPGASVKVSCQASGFTFTSYGFSWVRQAPGQGLEWMGWISAYDAKTKFAEKFQDRVTMSIDTRTTTAYMEMRNLRFDDTAIYFCAREFRTQIVLGYFDWLEGNAFDMWGQGTTVIVSS	DVVLTQTPLSSPVTRGQAASISCRSSQSLVHSDGNTYLSWIHQRPGQPPRLLIYKISKRFSGVPDRISGSGAGTEFTLTISRVEADDVGMYYCTQASQFPRTFGQGTKLEIK	GFTFTSYG	ISAYDAKT	AREFRTQIVLGYFDWLEGNAFDM	QSLVHSDGNTY	KIS	TQASQFPRT
I4-128	HA:Stem	QVQLVQSGAEVKKPGSSVMVSCKASGGTFSTYGVSWVRQAPGQGLEWVGGIIPIFGTAKYAQKFQGRVTITADESSTTAYMELSRLRSEDTAVYYCARPNTYGYILPVYWGQGTLVTVSS	DIQMTQSPSTLSASVGDRVTIGCRASQTISTYLAWYQQVPGKAPKLLIYMASTLESGVPSRFSGSGSGTEFTLTISSLQPGDFATYYCQHYNTYSSTFGQGTKLEIK	GGTFSTYG	IIPIFGTA	ARPNTYGYILPVY	QTISTY	MAS	QHYNTYSST
550C06	HA:Stem	QVQLVQSGAEVKKPGSSVKVSCTASGGSFMSYSISWVRQAPGQGPEWMGGIIPVFGRPNYAQRWQDRVTITADVSTRTAYMELRNLRSEDTAVYYCTWAERAGQSITGYYYGLDVWGQGTTVTVSS	MTPVPVSLAVSLGERATINCKSSQSVLNSSNNKNYLTWFQQKPGQPPKLLIYWASTRESGVPDRFSGSGSGTDFTLTISSLQAEDVAVYYCQQSGSTPPTFGQGTKVEIK	GGSFMSYS	IIPVFGRP	TWAERAGQSITGYYYGLDV	QSVLNSSNNKNY	WAS	QQSGSTPPT
4.0|VRC_310_cohort_donor_16	HA:Stem	QVQLVQSGAEVKRPGASVKVSCKASGYTFTSFGISWVRQAPGQGLEWLGWISGYTGNTDYAQKFQGRVTMTTDTSTNTAYMELRSLRSDDTAVYYCARDKKQGEVVLPAASFRWFAPWGQGTLVTVSS	DIQMTQSPVSLSASVGDRVTITCRASQSIARFLNWYQQKPGRAPKLLIYYASSLESGGPSRFSGRGSGTDFTLTISALQPEDFATYYCQQSYSAPYTFGQGTNLEIK	GYTFTSFG	ISGYTGNT	ARDKKQGEVVLPAASFRWFAP	QSIARF	YAS	QQSYSAPYT
74.0|PCWilson_donor_014	HA:Stem	QVQLQESGPGLVKPSQTLSLTCTVSGGSISSDDYYWSWIRQHPGQGLEWIGYIYYSGNAYYNPSLKSRVSISVDTSKNQFSLKLRSVTAADTAVYYCARGGYCSSPSCPNPTGAFDVWGQGTMVTVSS	QSVLTQPPSVSGAPGQRVTISCTGSSSNIGADYDVHWYQQLPGTAPKLLVYGNSNRPSGVPDRFSGSTSGTSASLAISGLQAEDEADFFCQSYDSSLNDYVFGTGTKVTVL	GGSISSDDYY	IYYSGNA	ARGGYCSSPSCPNPTGAFDV	SSNIGADYD	GNS	QSYDSSLNDYV
6.0|VRC_310_cohort_donor_56	HA:Stem	QVQLQQSGPGLVKPSQTLSLTCAISGDSVSSNSAAWNWIRQSPSRGLEWLGRTYYRSRWYNDYAVSVKSRITINPDTSKNQFSLQLSSVTPEDTAVYYCARGSAMIFGIVIVLDSWGQGTLVTVSS	EIVLTQSPVSLSLSPGERATLSCRASQSVSSSYLAWYQQKPGQAPRLLIFGASSRATGIPDRFSGSGSGTDFTLTISRLEPEDFAVYYCQQFDGSHYTFGRGTKLEIK	GDSVSSNSAA	TYYRSRWYN	ARGSAMIFGIVIVLDS	QSVSSSY	GAS	QQFDGSHYT
H1N1_300-16-IgG-2C03_	HA:Stem	QVQLVQSGAEVKKPGSSVKVSCKASGGTFISFAMSWVRQAPGQGLEWMGGIIPVFGTANYAQKFQGRVTITTDESTSTAYMELNSLRSEDTAVYYCARRYGSGSYSFDYWGPGTLVTVSS	QSALTQPASVSGSPGQSITISCTGTSSDVGGYNYVSWYQQHPGKAPKLMIYEVANRPSGVSNRFSGSKSGNTASLTISGLQAEDEADYYCSSYTSSSTLGYVFGTGTKVTIL	GGTFISFA	IIPVFGTA	ARRYGSGSYSFDY	SSDVGGYNY	EVA	SSYTSSSTLGYV
H1N1_294-16-IgG-2F05_	HA:Stem	EVQLVESGGGLVKPGGSLRLSCAASGFPFSTYTMNWVRQAPGKGLQWVSSISGGASYIYYADSLKGRFTISRDNAKNSLYLQMNTLTAEDTAVYFCARERDSSGRYLYDAFDIWGQGTTVTVSS	DIQMTQSPSTLSASVGDRVTITCRASQSISSWLAWYQQKPGKAPNLLIYKASSLQNGVPSRFSGSGSGTEFTLTISSLQPDDFASYYCQQYSTYPWTFGQGTKVEIK	GFPFSTYT	ISGGASYI	ARERDSSGRYLYDAFDI	QSISSW	KAS	QQYSTYPWT
H40	HA:Stem	RKPGASVKVSCKASGYTFTGYYIHWVRQAPGQGLEWMGWINPMTGGTNYAQKFQVWVTMTRDTSINTAYMEVTRLRSDDTAVYYCARGASVLRYFDWQPEALDIWGLGTT	QPVLTQPPSVSVAPGQTASIPCGGNNIGGYSVHWYQQKPGQAPLLVIYDDKDRPSGIPERFSGANSGSTATLTISRVEAGDEGDYYCQVWDSGNDRPLFGGGTKLTVL	GYTFTGYY	INPMTGGT	ARGASVLRYFDWQPEALDI	NIGGYS	DDK	QVWDSGNDRPL
SFV009_3G03	HA:Stem	EVQLLESGGGLIQPGGSLRLSCAASAFTFNKYAMNWVRQAPGKGLEWVSHISGSGLSTYYADSVKGRFTISRDNSKNTLYLQMNSLRAEDTAVYYCAKDLAVTPPAQGYLDRWGQGTLVTVSS	EIVLTQSPATLSLSPGERATLSCRASQSVNNYLAWYQEKPGQAPRLLIYDASNRATGIPARFSGSGSGTDFTLTISSLEPEDFAVYYCQQRSNWPPITFGQGTRLEIK	AFTFNKYA	ISGSGLST	AKDLAVTPPAQGYLDR	QSVNNY	DAS	QQRSNWPPIT
CR6323	HA:Stem	EVQLVESGAEVKKPGSSVKVSCKASGGTFSSYGISWVRQAPGQGLGVMGDIIGMFGSTNYAQNFQGRLTITADESTSTAYMELSSLRSEDTAVYYCARSSGYYPAYLPHWGQGTLVTVS	EIVLTQSPGTLSLSPGERATLSCRASQSVSSSYLAWYQQKPGQAPRLLIYGASSRATGIPDRFSGSGSGTDFTLTISRLEPEDFAVYYCQQYGSSPRTFGGGTKVEIK	GGTFSSYG	IIGMFGST	ARSSGYYPAYLPH	QSVSSSY	GAS	QQYGSSPRT
